name_english,color,name_chinese,Red,Green,Blue,Hue,Lightness,Saturation
Acid green,#A8BB19,,168,187,25,67.03703703703704,41.56862745098039,76.41509433962264
Aero,#7CB9E8,,124,185,232,206.11111111111111,69.80392156862744,70.12987012987011
Aero blue,#C9FFE5,,201,255,229,151.11111111111111,89.41176470588235,100.0
African purple,#B284BE,,178,132,190,287.5862068965517,63.13725490196078,30.851063829787233
Air Force blue (RAF),#5D8AA8,,93,138,168,204.00000000000003,51.17647058823529,30.12048192771084
Rackley,#5D8AA8,,93,138,168,204.00000000000003,51.17647058823529,30.12048192771084
Air Force blue (USAF),#00308F,,0,48,143,219.86013986013984,28.03921568627451,100.0
Air superiority blue,#72A0C1,,114,160,193,205.06329113924053,60.19607843137255,38.91625615763546
Alabama Crimson,#AF002A,,175,0,42,345.59999999999997,34.31372549019608,100.0
Alice blue,#F0F8FF,愛麗絲藍,240,248,255,208.00000000000003,97.05882352941177,100.0
Alizarin crimson,#E32636,茜紅,227,38,54,354.92063492063494,51.96078431372548,77.14285714285714
Rose madder,#E32636,茜紅,227,38,54,354.92063492063494,51.96078431372548,77.14285714285714
Alloy orange,#C46210,,196,98,16,27.33333333333334,41.568627450980394,84.90566037735849
Almond,#EFDECD,,239,222,205,30.0,87.05882352941177,51.515151515151516
Amaranth,#E52B50,,229,43,80,348.06451612903226,53.333333333333336,78.15126050420169
Amaranth pink,#F19CBB,,241,156,187,338.11764705882354,77.84313725490196,75.22123893805308
Amaranth purple,#AB274F,,171,39,79,341.8181818181818,41.17647058823529,62.857142857142854
Amazon,#3B7A57,,59,122,87,146.66666666666669,35.490196078431374,34.806629834254146
Amber,#FFBF00,琥珀色,255,191,0,44.94117647058823,50.0,100.0
Fluorescent orange,#FFBF00,琥珀色,255,191,0,44.94117647058823,50.0,100.0
SAE/ECE Amber (color),#FF7E00,,255,126,0,29.647058823529413,50.0,100.0
American rose,#FF033E,,255,3,62,345.95238095238096,50.588235294117645,100.0
Amethyst,#9966CC,,153,102,204,270.0,60.00000000000001,50.000000000000014
Android green,#A4C639,,164,198,57,74.46808510638299,50.0,55.294117647058826
Anti-flash white,#F2F3F4,,242,243,244,210.00000000000043,95.29411764705881,8.333333333333432
Antique brass,#CD9575,,205,149,117,21.818181818181827,63.13725490196078,46.80851063829788
Antique bronze,#665D1E,,102,93,30,52.49999999999999,25.882352941176475,54.54545454545454
Antique fuchsia,#915C83,,145,92,131,315.8490566037736,46.470588235294116,22.362869198312232
Antique ruby,#841B2D,,132,27,45,349.7142857142857,31.176470588235293,66.03773584905662
Antique white,#FAEBD7,古董白,250,235,215,34.28571428571427,91.17647058823529,77.77777777777779
Moccasin,#FAEBD7,古董白,250,235,215,34.28571428571427,91.17647058823529,77.77777777777779
Ao (English),#008000,綠色,0,128,0,120.0,25.098039215686274,100.0
Green (HTML/CSS color),#008000,綠色,0,128,0,120.0,25.098039215686274,100.0
Office green,#008000,綠色,0,128,0,120.0,25.098039215686274,100.0
Apple green,#8DB600,,141,182,0,73.51648351648352,35.68627450980392,100.0
Apricot,#FBCEB1,,251,206,177,23.513513513513526,83.92156862745097,90.2439024390244
Aqua,#00FFFF,青色,0,255,255,180.0,50.0,100.0
Aqua,#00FFFF,水色,0,255,255,180.0,50.0,100.0
Cyan,#00FFFF,青色,0,255,255,180.0,50.0,100.0
Cyan,#00FFFF,水色,0,255,255,180.0,50.0,100.0
Electric cyan,#00FFFF,青色,0,255,255,180.0,50.0,100.0
Electric cyan,#00FFFF,水色,0,255,255,180.0,50.0,100.0
Spanish sky blue,#00FFFF,青色,0,255,255,180.0,50.0,100.0
Spanish sky blue,#00FFFF,水色,0,255,255,180.0,50.0,100.0
Aquamarine,#7FFFD4,碧藍色,127,255,212,159.84375,74.90196078431373,100.0
Army green,#4B5320,,75,83,32,69.41176470588235,22.54901960784314,44.34782608695652
Arsenic,#3B444B,,59,68,75,206.25,26.27450980392157,11.940298507462686
Artichoke,#8F9779,,143,151,121,76.0,53.333333333333336,12.605042016806728
Arylide yellow,#E9D66B,,233,214,107,50.952380952380956,66.66666666666666,74.11764705882352
Hansa yellow,#E9D66B,,233,214,107,50.952380952380956,66.66666666666666,74.11764705882352
Ash grey,#B2BEB5,,178,190,181,135.00000000000009,72.15686274509804,8.450704225352123
Asparagus,#87A96B,,135,169,107,92.90322580645162,54.11764705882353,26.49572649572649
Atomic tangerine,#FF9966,,255,153,102,19.999999999999996,70.0,100.0
Pink-orange,#FF9966,,255,153,102,19.999999999999996,70.0,100.0
Auburn,#A52A2A,啡色,165,42,42,0.0,40.588235294117645,59.420289855072475
Auburn,#A52A2A,褐色,165,42,42,0.0,40.588235294117645,59.420289855072475
Brown (web),#A52A2A,啡色,165,42,42,0.0,40.588235294117645,59.420289855072475
Brown (web),#A52A2A,褐色,165,42,42,0.0,40.588235294117645,59.420289855072475
Red-brown,#A52A2A,啡色,165,42,42,0.0,40.588235294117645,59.420289855072475
Red-brown,#A52A2A,褐色,165,42,42,0.0,40.588235294117645,59.420289855072475
Aureolin,#FDEE00,,253,238,0,56.44268774703557,49.6078431372549,100.0
AuroMetalSaurus,#6E7F80,,110,127,128,183.33333333333331,46.666666666666664,7.563025210084031
Avocado,#568203,,86,130,3,80.78740157480314,26.078431372549016,95.48872180451127
Azure,#007FFF,湛藍,0,127,255,210.11764705882354,50.0,100.0
Azure mist/web,#F0FFFF,,240,255,255,180.0,97.05882352941177,100.0
Baby blue,#89CFF0,,137,207,240,199.22330097087382,73.92156862745098,77.44360902255639
Baby blue eyes,#A1CAF1,,161,202,241,209.24999999999997,78.82352941176471,74.07407407407406
Baby pink,#F4C2C2,,244,194,194,0.0,85.88235294117648,69.4444444444445
Tea rose,#F4C2C2,,244,194,194,0.0,85.88235294117648,69.4444444444445
Baby powder,#FEFEFA,,254,254,250,60.0,98.82352941176471,66.66666666666681
Baker-Miller pink,#FF91AF,,255,145,175,343.6363636363636,78.43137254901961,100.0
Schauss pink,#FF91AF,,255,145,175,343.6363636363636,78.43137254901961,100.0
Ball blue,#21ABCD,,33,171,205,191.8604651162791,46.666666666666664,72.26890756302521
Banana Mania,#FAE7B5,,250,231,181,43.478260869565226,84.50980392156863,87.34177215189874
Banana yellow,#FFE135,,255,225,53,51.089108910891085,60.3921568627451,100.0
Bangladesh green,#006A4E,,0,106,78,164.1509433962264,20.784313725490197,100.0
Bottle green,#006A4E,,0,106,78,164.1509433962264,20.784313725490197,100.0
Barbie pink,#E0218A,,224,33,138,327.0157068062827,50.3921568627451,75.49407114624506
Barn red,#7C0A02,,124,10,2,3.9344262295081944,24.705882352941178,96.82539682539681
Battleship grey,#848482,,132,132,130,60.0,51.37254901960784,0.8064516129032343
Old silver,#848482,,132,132,130,60.0,51.37254901960784,0.8064516129032343
Bazaar,#98777B,,152,119,123,352.72727272727275,53.13725490196079,13.807531380753138
Beau blue,#BCD4E6,,188,212,230,205.71428571428575,81.96078431372548,45.65217391304346
Pale aqua,#BCD4E6,,188,212,230,205.71428571428575,81.96078431372548,45.65217391304346
Beaver,#9F8170,,159,129,112,21.702127659574458,53.13725490196079,19.665271966527197
Beige,#F5F5DC,米黃色,245,245,220,60.0,91.1764705882353,55.5555555555556
B'dazzled blue,#2E5894,,46,88,148,215.2941176470588,38.03921568627452,52.57731958762887
Big dip oâ€™ruby,#9C2542,,156,37,66,345.37815126050424,37.84313725490197,61.6580310880829
Bisque,#FFE4C4,陶坯黃,255,228,196,32.54237288135594,88.4313725490196,100.0
Bistre,#3D2B1F,,61,43,31,24.0,18.03921568627451,32.60869565217392
Bistre brown,#967117,,150,113,23,42.51968503937007,33.92156862745098,73.41040462427746
Drab,#967117,,150,113,23,42.51968503937007,33.92156862745098,73.41040462427746
Mode beige,#967117,,150,113,23,42.51968503937007,33.92156862745098,73.41040462427746
Sand dune,#967117,,150,113,23,42.51968503937007,33.92156862745098,73.41040462427746
Sandy taupe,#967117,,150,113,23,42.51968503937007,33.92156862745098,73.41040462427746
Bitter lemon,#CAE00D,,202,224,13,66.25592417061611,46.470588235294116,89.0295358649789
Bitter lime,#648C11,,100,140,17,79.51219512195122,30.784313725490197,78.343949044586
Bittersweet,#FE6F5E,,254,111,94,6.374999999999997,68.23529411764706,98.76543209876544
Bittersweet shimmer,#BF4F51,,191,79,81,358.92857142857144,52.94117647058824,46.666666666666664
Black,#000000,黑色,0,0,0,0.0,0.0,0.0
Cool black,#000000,黑色,0,0,0,0.0,0.0,0.0
Black bean,#3D0C02,,61,12,2,10.169491525423728,12.352941176470589,93.65079365079364
Black leather jacket,#253529,,37,53,41,135.0,17.647058823529413,17.777777777777775
Black olive,#3B3C36,,59,60,54,69.99999999999996,22.352941176470587,5.2631578947368425
Blanched almond,#FFEBCD,杏仁白,255,235,205,35.99999999999998,90.19607843137256,100.0
Blast-off bronze,#A57164,,165,113,100,11.999999999999996,51.9607843137255,26.53061224489796
Bleu de France,#318CE7,,49,140,231,210.0,54.90196078431373,79.13043478260869
Blizzard Blue,#ACE5EE,,172,229,238,188.18181818181822,80.3921568627451,66.0
Blond,#FAF0BE,,250,240,190,50.000000000000014,86.27450980392157,85.71428571428572
Blue,#0000FF,藍色,0,0,255,240.0,50.0,100.0
Blue (Crayola),#1F75FE,,31,117,254,216.86098654708522,55.88235294117647,99.11111111111111
Blue (Munsell),#0093AF,,0,147,175,189.60000000000002,34.31372549019608,100.0
Blue (NCS),#0087BD,,0,135,189,197.1428571428571,37.05882352941177,100.0
Blue (Pantone),#0018A8,,0,24,168,231.42857142857142,32.94117647058823,100.0
Blue (pigment),#333399,,51,51,153,240.0,40.0,49.99999999999999
Blue (RYB),#0247FE,,2,71,254,223.57142857142858,50.19607843137255,99.21259842519686
Blue Bell,#A2A2D0,,162,162,208,240.0,72.54901960784314,32.857142857142854
Blue-gray,#6699CC,,102,153,204,210.0,60.00000000000001,50.000000000000014
Livid,#6699CC,,102,153,204,210.0,60.00000000000001,50.000000000000014
Blue-green,#0D98BA,,13,152,186,191.79190751445086,39.01960784313726,86.93467336683416
Blue sapphire,#126180,,18,97,128,196.9090909090909,28.627450980392155,75.34246575342468
Blue-violet,#8A2BE2,藍紫,138,43,226,271.1475409836065,52.74509803921569,75.93360995850621
Blue yonder,#5072A7,,80,114,167,216.55172413793107,48.431372549019606,35.22267206477733
Blueberry,#4F86F7,,79,134,247,220.35714285714283,63.921568627450974,91.30434782608697
Bluebonnet,#1C1CF0,,28,28,240,240.0,52.54901960784314,87.60330578512396
Blush,#DE5D83,,222,93,131,342.3255813953489,61.76470588235294,66.15384615384615
Bole,#79443B,,121,68,59,8.709677419354838,35.29411764705882,34.44444444444444
Medium Tuscan red,#79443B,,121,68,59,8.709677419354838,35.29411764705882,34.44444444444444
Bondi blue,#0095B6,,0,149,182,190.87912087912088,35.68627450980392,100.0
Bone,#E3DAC9,,227,218,201,39.23076923076923,83.92156862745097,31.707317073170714
Boston University Red,#CC0000,,204,0,0,0.0,40.0,100.0
Boysenberry,#873260,,135,50,96,327.52941176470586,36.27450980392157,45.94594594594595
Brandeis blue,#0070FF,,0,112,255,213.64705882352942,50.0,100.0
Brass,#B5A642,,181,166,66,52.173913043478265,48.43137254901961,46.558704453441294
Brick red,#CB4154,,203,65,84,351.7391304347826,52.54901960784313,57.02479338842974
Bright cerulean,#1DACD6,,29,172,214,193.62162162162164,47.64705882352941,76.13168724279835
Bright green,#66FF00,明綠,102,255,0,96.0,50.0,100.0
Bright lavender,#BF94E4,,191,148,228,272.25,73.72549019607844,59.70149253731343
Bright lilac,#D891EF,,216,145,239,285.3191489361702,75.29411764705883,74.60317460317461
Bright maroon,#C32148,,195,33,72,345.55555555555554,44.705882352941174,71.05263157894737
Maroon (Crayola),#C32148,,195,33,72,345.55555555555554,44.705882352941174,71.05263157894737
Bright navy blue,#1974D2,,25,116,210,210.48648648648648,46.07843137254902,78.72340425531915
Bright pink,#FF007F,,255,0,127,330.11764705882354,50.0,100.0
Rose,#FF007F,,255,0,127,330.11764705882354,50.0,100.0
Bright turquoise,#08E8DE,,8,232,222,177.32142857142856,47.05882352941176,93.33333333333333
Bright ube,#D19FE8,,209,159,232,281.09589041095893,76.66666666666666,61.34453781512603
Brilliant lavender,#F4BBFF,,244,187,255,290.2941176470589,86.66666666666667,100.0
Electric lavender,#F4BBFF,,244,187,255,290.2941176470589,86.66666666666667,100.0
Brilliant rose,#FF55A3,,255,85,163,332.47058823529414,66.66666666666666,100.0
Magenta (Crayola),#FF55A3,,255,85,163,332.47058823529414,66.66666666666666,100.0
Brink pink,#FB607F,,251,96,127,348.0,68.03921568627452,95.0920245398773
British racing green,#004225,,0,66,37,153.63636363636363,12.941176470588237,100.0
Bronze,#CD7F32,,205,127,50,29.80645161290323,50.0,60.7843137254902
Bronze Yellow,#737000,,115,112,0,58.43478260869565,22.54901960784314,100.0
Brown (traditional),#964B00,,150,75,0,30.0,29.411764705882355,100.0
Brown-nose,#6B4423,,107,68,35,27.499999999999996,27.84313725490196,50.70422535211267
Flattery,#6B4423,,107,68,35,27.499999999999996,27.84313725490196,50.70422535211267
Brunswick green,#1B4D3E,,27,77,62,162.0,20.392156862745097,48.07692307692307
English green,#1B4D3E,,27,77,62,162.0,20.392156862745097,48.07692307692307
Bubble gum,#FFC1CC,,255,193,204,349.3548387096774,87.84313725490196,100.0
Bubbles,#E7FEFF,,231,254,255,182.49999999999994,95.29411764705881,100.0
Buff,#F0DC82,,240,220,130,49.0909090909091,72.54901960784314,78.57142857142857
Bud green,#7BB661,,123,182,97,101.64705882352943,54.70588235294118,36.796536796536806
Bulgarian rose,#480607,,72,6,7,359.0909090909091,15.294117647058824,84.6153846153846
Burgundy,#800020,,128,0,32,345.0,25.098039215686274,100.0
Burlywood,#DEB887,硬木色,222,184,135,33.79310344827585,70.0,56.86274509803923
Burnt orange,#CC5500,燃橙,204,85,0,24.999999999999996,40.0,100.0
Burnt sienna,#E97451,,233,116,81,13.81578947368421,61.568627450980394,77.55102040816325
Light red ochre,#E97451,,233,116,81,13.81578947368421,61.568627450980394,77.55102040816325
Burnt umber,#8A3324,,138,51,36,8.823529411764708,34.11764705882353,58.620689655172406
Byzantine,#BD33A4,,189,51,164,310.8695652173913,47.05882352941176,57.50000000000001
Byzantium,#702963,,112,41,99,310.98591549295776,30.0,46.40522875816993
Cadet,#536872,,83,104,114,199.35483870967744,38.62745098039216,15.736040609137056
Cadet blue,#5F9EA0,軍服藍,95,158,160,181.84615384615384,50.0,25.49019607843137
Cadet grey,#91A3B0,,145,163,176,205.16129032258067,62.94117647058823,16.402116402116405
Cadmium green,#006B3C,,0,107,60,153.6448598130841,20.980392156862745,100.0
Cadmium orange,#ED872D,,237,135,45,28.125,55.294117647058826,84.21052631578948
Cadmium red,#E30022,,227,0,34,351.0132158590308,44.509803921568626,100.0
Cadmium yellow,#FFF600,,255,246,0,57.88235294117648,50.0,100.0
Cafe au lait,#A67B5B,,166,123,91,25.6,50.3921568627451,29.64426877470356
French beige,#A67B5B,,166,123,91,25.6,50.3921568627451,29.64426877470356
Tuscan tan,#A67B5B,,166,123,91,25.6,50.3921568627451,29.64426877470356
Cafe noir,#4B3621,,75,54,33,29.999999999999993,21.176470588235297,38.888888888888886
Cal Poly green,#1E4D2B,,30,77,43,136.59574468085106,20.98039215686274,43.925233644859816
Cambridge Blue,#A3C1AD,,163,193,173,140.00000000000003,69.80392156862744,19.480519480519483
Camel,#C19A6B,,193,154,107,32.790697674418595,58.82352941176471,40.95238095238095
Desert,#C19A6B,,193,154,107,32.790697674418595,58.82352941176471,40.95238095238095
Fallow,#C19A6B,,193,154,107,32.790697674418595,58.82352941176471,40.95238095238095
Lion,#C19A6B,,193,154,107,32.790697674418595,58.82352941176471,40.95238095238095
Wood brown,#C19A6B,,193,154,107,32.790697674418595,58.82352941176471,40.95238095238095
Cameo pink,#EFBBCC,,239,187,204,340.38461538461536,83.52941176470587,61.904761904761905
Camouflage green,#78866B,,120,134,107,91.11111111111111,47.25490196078431,11.20331950207469
Canary yellow,#FFEF00,,255,239,0,56.23529411764706,50.0,100.0
Yellow (process),#FFEF00,,255,239,0,56.23529411764706,50.0,100.0
Candy apple red,#FF0800,,255,8,0,1.8823529411764706,50.0,100.0
Candy pink,#E4717A,,228,113,122,355.30434782608694,66.86274509803923,68.04733727810651
Tango pink,#E4717A,,228,113,122,355.30434782608694,66.86274509803923,68.04733727810651
Capri,#00BFFF,深天藍,0,191,255,195.05882352941174,50.0,100.0
Deep sky blue,#00BFFF,深天藍,0,191,255,195.05882352941174,50.0,100.0
Caput mortuum,#592720,,89,39,32,7.368421052631582,23.72549019607843,47.107438016528924
Cardinal,#C41E3A,,196,30,58,349.87951807228916,44.313725490196084,73.45132743362831
Caribbean green,#00CC99,,0,204,153,165.0,40.0,100.0
Carmine,#960018,,150,0,24,350.40000000000003,29.411764705882355,100.0
Carmine (M&P),#D70040,,215,0,64,342.13953488372096,42.15686274509804,100.0
Rich carmine,#D70040,,215,0,64,342.13953488372096,42.15686274509804,100.0
Carmine pink,#EB4C42,,235,76,66,3.5502958579881505,59.01960784313726,80.86124401913872
Carmine red,#FF0038,,255,0,56,346.8235294117647,50.0,100.0
Carnation pink,#FFA6C9,,255,166,201,336.4044943820225,82.54901960784314,100.0
Carnelian,#B31B1B,,179,27,27,0.0,40.3921568627451,73.78640776699031
Cornell Red,#B31B1B,,179,27,27,0.0,40.3921568627451,73.78640776699031
Carolina blue,#99BADD,,153,186,221,210.8823529411765,73.33333333333334,50.000000000000014
Carrot orange,#ED9121,,237,145,33,32.94117647058823,52.94117647058824,85.00000000000001
Castleton green,#00563F,,0,86,63,163.953488372093,16.862745098039216,100.0
Sacramento State green,#00563F,,0,86,63,163.953488372093,16.862745098039216,100.0
Catalina blue,#062A78,,6,42,120,221.05263157894737,24.705882352941178,90.47619047619047
Catawba,#703642,,112,54,66,347.5862068965517,32.549019607843135,34.93975903614457
Cedar Chest,#C95A49,,201,90,73,7.968750000000007,53.72549019607843,54.23728813559321
Ceil,#92A1CF,,146,161,207,225.24590163934423,69.2156862745098,38.853503184713375
Celadon,#ACE1AF,,172,225,175,123.39622641509433,77.84313725490196,46.90265486725662
Celadon blue,#007BA7,,0,123,167,195.8083832335329,32.745098039215684,100.0
Cerulean,#007BA7,,0,123,167,195.8083832335329,32.745098039215684,100.0
Celadon green,#2F847C,,47,132,124,174.35294117647058,35.09803921568628,47.486033519553075
Celeste,#B2FFFF,,178,255,255,180.0,84.90196078431373,100.0
Italian sky blue,#B2FFFF,,178,255,255,180.0,84.90196078431373,100.0
Celestial blue,#4997D0,,73,151,208,205.33333333333334,55.09803921568628,58.951965065502186
Cerise,#DE3163,櫻桃紅,222,49,99,342.65895953757223,53.13725490196079,72.38493723849373
Cherry,#DE3163,櫻桃紅,222,49,99,342.65895953757223,53.13725490196079,72.38493723849373
Cerise pink,#EC3B83,,236,59,131,335.5932203389831,57.84313725490197,82.32558139534885
Cerulean blue,#2A52BE,蔚藍,42,82,190,223.78378378378378,45.490196078431374,63.793103448275865
Cerulean frost,#6D9BC3,,109,155,195,207.90697674418607,59.6078431372549,41.74757281553397
CG Blue,#007AA5,,0,122,165,195.63636363636365,32.35294117647059,100.0
CG Red,#E03C31,,224,60,49,3.7714285714285767,53.529411764705884,73.83966244725738
Chamoisee,#A0785A,,160,120,90,25.714285714285708,49.01960784313726,27.999999999999996
Champagne,#F7E7CE,,247,231,206,36.58536585365854,88.8235294117647,71.92982456140355
Charcoal,#36454F,,54,69,79,204.00000000000003,26.078431372549023,18.79699248120301
Charleston green,#232B2B,,35,43,43,180.0,15.294117647058824,10.256410256410255
Charm pink,#E68FAC,,230,143,172,340.0,73.13725490196079,63.50364963503649
Light Thulian pink,#E68FAC,,230,143,172,340.0,73.13725490196079,63.50364963503649
Chartreuse (traditional),#DFFF00,,223,255,0,67.52941176470588,50.0,100.0
Chartreuse (web),#7FFF00,查特酒綠,127,255,0,90.11764705882354,50.0,100.0
Cherry blossom pink,#FFB7C5,,255,183,197,348.3333333333333,85.88235294117648,100.0
Chestnut,#954535,,149,69,53,9.999999999999991,39.6078431372549,47.52475247524752
China pink,#DE6FA1,,222,111,161,332.97297297297297,65.29411764705883,62.71186440677966
Liseran Purple,#DE6FA1,,222,111,161,332.97297297297297,65.29411764705883,62.71186440677966
Thulian pink,#DE6FA1,,222,111,161,332.97297297297297,65.29411764705883,62.71186440677966
China rose,#A8516E,,168,81,110,340.0,48.8235294117647,34.93975903614458
Chinese red,#AA381E,,170,56,30,11.142857142857142,39.21568627450981,70.0
Chinese violet,#856088,,133,96,136,295.50000000000006,45.490196078431374,17.24137931034483
Chocolate (traditional),#7B3F00,,123,63,0,30.731707317073173,24.11764705882353,100.0
Chocolate (web),#D2691E,巧克力色,210,105,30,24.999999999999996,47.05882352941176,74.99999999999999
Cinnamon,#D2691E,巧克力色,210,105,30,24.999999999999996,47.05882352941176,74.99999999999999
Cocoa brown,#D2691E,巧克力色,210,105,30,24.999999999999996,47.05882352941176,74.99999999999999
Chrome yellow,#FFA700,,255,167,0,39.294117647058826,50.0,100.0
Cinereous,#98817B,,152,129,123,12.41379310344826,53.92156862745098,12.340425531914894
Cinnabar,#E34234,,227,66,52,4.800000000000004,54.705882352941174,75.75757575757575
Vermilion,#E34234,,227,66,52,4.800000000000004,54.705882352941174,75.75757575757575
Citrine,#E4D00A,,228,208,10,54.49541284403669,46.666666666666664,91.59663865546219
Citron,#9FA91F,,159,169,31,64.34782608695652,39.21568627450981,69.0
Claret,#7F1734,,127,23,52,343.2692307692308,29.411764705882355,69.33333333333333
Classic rose,#FBCCE7,,251,204,231,325.53191489361706,89.21568627450979,85.45454545454545
Cobalt,#0047AB,鈷藍,0,71,171,215.08771929824562,33.52941176470588,100.0
Coconut,#965A3E,,150,90,62,19.090909090909093,41.568627450980394,41.50943396226415
Coffee,#6F4E37,,111,78,55,24.64285714285715,32.549019607843135,33.734939759036145
Tuscan brown,#6F4E37,,111,78,55,24.64285714285715,32.549019607843135,33.734939759036145
Columbia blue,#9BDDFF,,155,221,255,200.39999999999998,80.3921568627451,100.0
Congo pink,#F88379,,248,131,121,4.7244094488188955,72.35294117647058,90.07092198581562
Coral pink,#F88379,,248,131,121,4.7244094488188955,72.35294117647058,90.07092198581562
Tea rose,#F88379,,248,131,121,4.7244094488188955,72.35294117647058,90.07092198581562
Cool grey,#8C92AC,,140,146,172,228.75000000000006,61.1764705882353,16.161616161616163
Gray-blue,#8C92AC,,140,146,172,228.75000000000006,61.1764705882353,16.161616161616163
Copper,#B87333,古銅色,184,115,51,28.872180451127818,46.07843137254902,56.595744680851055
Copper (Crayola),#DA8A67,,218,138,103,18.260869565217384,62.94117647058823,60.84656084656085
Pale copper,#DA8A67,,218,138,103,18.260869565217384,62.94117647058823,60.84656084656085
Copper penny,#AD6F69,,173,111,105,5.294117647058831,54.50980392156863,29.310344827586217
Copper red,#CB6D51,,203,109,81,13.770491803278691,55.68627450980392,53.982300884955734
Copper rose,#996666,,153,102,102,0.0,50.0,19.999999999999996
Coquelicot,#FF3800,,255,56,0,13.176470588235295,50.0,100.0
Coral,#FF7F50,珊瑚紅,255,127,80,16.114285714285714,65.68627450980392,100.0
Coral red,#FF4040,,255,64,64,0.0,62.549019607843135,100.0
Cordovan,#893F45,,137,63,69,355.13513513513516,39.21568627450981,36.99999999999999
Corn,#FBEC5D,,251,236,93,54.30379746835444,67.45098039215685,95.18072289156628
Maize,#FBEC5D,,251,236,93,54.30379746835444,67.45098039215685,95.18072289156628
Cornflower blue,#6495ED,矢車菊藍,100,149,237,218.54014598540147,66.07843137254902,79.19075144508672
Cornsilk,#FFF8DC,玉米絲色,255,248,220,47.999999999999986,93.13725490196079,100.0
Cosmic latte,#FFF8E7,,255,248,231,42.49999999999999,95.29411764705881,100.0
Cotton candy,#FFBCD9,,255,188,217,334.02985074626866,86.86274509803921,100.0
Cream,#FFFDD0,奶油色,255,253,208,57.44680851063831,90.7843137254902,100.0
Crimson,#DC143C,緋紅,220,20,60,348.0,47.05882352941176,83.33333333333334
Crimson glory,#BE0032,,190,0,50,344.2105263157895,37.254901960784316,100.0
Cyan (process),#00B7EB,,0,183,235,193.27659574468083,46.07843137254902,100.0
Cyber grape,#58427C,,88,66,124,262.7586206896552,37.254901960784316,30.526315789473678
Cyber yellow,#FFD300,,255,211,0,49.647058823529406,50.0,100.0
Yellow (NCS),#FFD300,,255,211,0,49.647058823529406,50.0,100.0
Daffodil,#FFFF31,,255,255,49,60.0,59.6078431372549,100.0
Dandelion,#F0E130,,240,225,48,55.3125,56.470588235294116,86.48648648648648
Dark blue,#00008B,暗藍,0,0,139,240.0,27.254901960784313,100.0
Dark blue-gray,#666699,,102,102,153,240.0,50.0,19.999999999999996
Dark brown,#654321,,101,67,33,30.0,26.27450980392157,50.74626865671641
Otter brown,#654321,,101,67,33,30.0,26.27450980392157,50.74626865671641
Dark byzantium,#5D3954,,93,57,84,315.0,29.411764705882355,23.999999999999993
Dark candy apple red,#A40000,,164,0,0,0.0,32.15686274509804,100.0
Dark cerulean,#08457E,,8,69,126,208.98305084745763,26.27450980392157,88.05970149253731
Dark chestnut,#986960,,152,105,96,9.642857142857142,48.627450980392155,22.58064516129032
Dark coral,#CD5B45,,205,91,69,9.705882352941181,53.72549019607843,57.62711864406781
Dark cyan,#008B8B,暗青,0,139,139,180.0,27.254901960784313,100.0
Dark electric blue,#536878,,83,104,120,205.94594594594597,39.80392156862745,18.226600985221673
Payne's grey,#536878,,83,104,120,205.94594594594597,39.80392156862745,18.226600985221673
Dark goldenrod,#B8860B,暗金菊色,184,134,11,42.65895953757226,38.23529411764706,88.71794871794873
Dark gray,#A9A9A9,暗灰,169,169,169,0.0,66.27450980392156,0.0
Dark green,#013220,,1,50,32,157.9591836734694,10.0,96.078431372549
Dark imperial blue,#00416A,,0,65,106,203.20754716981133,20.784313725490197,100.0
Dark jungle green,#1A2421,,26,36,33,162.0,12.156862745098039,16.129032258064516
Dark khaki,#BDB76B,暗卡其色,189,183,107,55.60975609756097,58.03921568627452,38.317757009345804
Dark lava,#483C32,,72,60,50,27.272727272727273,23.921568627450977,18.0327868852459
Dark taupe,#483C32,,72,60,50,27.272727272727273,23.921568627450977,18.0327868852459
Taupe,#483C32,,72,60,50,27.272727272727273,23.921568627450977,18.0327868852459
Dark lavender,#734F96,,115,79,150,270.42253521126764,44.90196078431373,31.004366812227076
Dark liver,#534B4F,,83,75,79,330.0,30.980392156862745,5.063291139240507
Dark liver (horses),#543D37,,84,61,55,12.413793103448281,27.254901960784316,20.86330935251798
Dark magenta,#8B008B,暗洋紅,139,0,139,300.0,27.254901960784313,100.0
Dark midnight blue,#003366,,0,51,102,210.0,20.0,100.0
Dark moss green,#4A5D23,,74,93,35,79.6551724137931,25.098039215686274,45.31249999999999
Dark olive green,#556B2F,暗橄欖綠,85,107,47,82.0,30.196078431372552,38.96103896103896
Dark orange,#FF8C00,暗橙,255,140,0,32.94117647058824,50.0,100.0
Dark orchid,#9932CC,暗蘭紫,153,50,204,280.12987012987014,49.80392156862745,60.629921259842526
Dark pastel blue,#779ECB,,119,158,203,212.14285714285714,63.13725490196078,44.68085106382977
Dark pastel green,#03C03C,,3,192,60,138.09523809523813,38.23529411764706,96.92307692307693
Dark pastel purple,#966FD6,,150,111,214,262.71844660194176,63.725490196078425,55.675675675675684
Dark pastel red,#C23B22,,194,59,34,9.375000000000007,44.705882352941174,70.17543859649123
Dark pink,#E75480,,231,84,128,342.0408163265306,61.76470588235294,75.38461538461536
Dark powder blue,#003399,暗嬰兒粉藍,0,51,153,220.00000000000003,30.0,100.0
Smalt (Dark powder blue),#003399,暗嬰兒粉藍,0,51,153,220.00000000000003,30.0,100.0
Dark puce,#4F3A3C,,79,58,60,354.28571428571433,26.862745098039216,15.328467153284675
Dark raspberry,#872657,,135,38,87,329.69072164948454,33.92156862745098,56.06936416184971
Dark red,#8B0000,暗紅,139,0,0,0.0,27.254901960784313,100.0
Dark salmon,#E9967A,暗鮭紅,233,150,122,15.135135135135133,69.6078431372549,71.61290322580643
Dark scarlet,#560319,,86,3,25,344.09638554216866,17.450980392156865,93.25842696629213
Dark sea green,#8FBC8F,暗海綠,143,188,143,120.0,64.90196078431373,25.13966480446928
Dark sienna,#3C1414,,60,20,20,0.0,15.686274509803921,50.0
Dark sky blue,#8CBED6,,140,190,214,199.45945945945945,69.41176470588235,47.435897435897445
Dark slate blue,#483D8B,暗岩藍,72,61,139,248.46153846153842,39.21568627450981,38.99999999999999
Dark slate gray,#2F4F4F,暗岩灰,47,79,79,180.0,24.705882352941178,25.396825396825395
Dark spring green,#177245,,23,114,69,150.32967032967034,26.862745098039216,66.42335766423358
Dark tan,#918151,,145,129,81,45.0,44.31372549019608,28.31858407079646
Dark tangerine,#FFA812,,255,168,18,37.9746835443038,53.529411764705884,100.0
Dark terra cotta,#CC4E5C,,204,78,92,353.33333333333337,55.294117647058826,55.26315789473685
Dark turquoise,#00CED1,暗綠松石色,0,206,209,180.86124401913875,40.98039215686274,100.0
Dark vanilla,#D1BEA8,,209,190,168,32.19512195121953,73.92156862745098,30.827067669172926
Dark violet,#9400D3,暗紫,148,0,211,282.085308056872,41.37254901960784,100.0
Dark yellow,#9B870C,,155,135,12,51.60839160839161,32.745098039215684,85.62874251497009
Dartmouth green,#00703C,,0,112,60,152.14285714285714,21.96078431372549,100.0
Davy's grey,#555555,,85,85,85,0.0,33.33333333333333,0.0
Debian red,#D70A53,,215,10,83,338.6341463414634,44.11764705882353,91.11111111111111
Deep carmine,#A9203E,,169,32,62,346.86131386861314,39.411764705882355,68.1592039800995
Deep carmine pink,#EF3038,,239,48,56,357.4869109947644,56.27450980392157,85.65022421524664
Deep carrot orange,#E9692C,,233,105,44,19.365079365079367,54.31372549019608,81.11587982832617
Deep cerise,#DA3287,,218,50,135,329.6428571428571,52.54901960784314,69.42148760330579
Deep champagne,#FAD6A5,,250,214,165,34.58823529411765,81.37254901960785,89.47368421052632
Sunset,#FAD6A5,,250,214,165,34.58823529411765,81.37254901960785,89.47368421052632
Tuscan,#FAD6A5,,250,214,165,34.58823529411765,81.37254901960785,89.47368421052632
Deep chestnut,#B94E48,,185,78,72,3.1858407079646067,50.3921568627451,44.66403162055336
Deep coffee,#704241,,112,66,65,1.2765957446808662,34.705882352941174,26.553672316384187
Roast coffee,#704241,,112,66,65,1.2765957446808662,34.705882352941174,26.553672316384187
Deep fuchsia,#C154C1,,193,84,193,300.0,54.31372549019608,46.78111587982832
Fuchsia (Crayola),#C154C1,,193,84,193,300.0,54.31372549019608,46.78111587982832
Deep jungle green,#004B49,,0,75,73,178.39999999999998,14.705882352941178,100.0
Deep lemon,#F5C71A,,245,199,26,47.3972602739726,53.13725490196079,91.63179916317993
Deep lilac,#9955BB,,153,85,187,280.0,53.333333333333336,42.857142857142854
Deep magenta,#CC00CC,,204,0,204,300.0,40.0,100.0
Deep mauve,#D473D4,,212,115,212,300.0,64.11764705882354,53.00546448087433
French mauve,#D473D4,,212,115,212,300.0,64.11764705882354,53.00546448087433
Deep moss green,#355E3B,,53,94,59,128.78048780487805,28.82352941176471,27.89115646258503
Hunter green,#355E3B,,53,94,59,128.78048780487805,28.82352941176471,27.89115646258503
Deep peach,#FFCBA4,,255,203,164,25.7142857142857,82.15686274509804,100.0
Peach,#FFCBA4,,255,203,164,25.7142857142857,82.15686274509804,100.0
Deep pink,#FF1493,深粉紅,255,20,147,327.5744680851064,53.92156862745098,100.0
Fluorescent pink,#FF1493,深粉紅,255,20,147,327.5744680851064,53.92156862745098,100.0
Deep puce,#A95C68,,169,92,104,350.64935064935065,51.17647058823529,30.923694779116463
Deep ruby,#843F5B,,132,63,91,335.6521739130435,38.235294117647065,35.38461538461539
Deep saffron,#FF9933,,255,153,51,30.0,60.0,100.0
Deep Space Sparkle,#4A646C,,74,100,108,194.1176470588235,35.68627450980392,18.681318681318675
Deep Taupe,#7E5E60,,126,94,96,356.25,43.13725490196079,14.545454545454545
Deep Tuscan red,#66424D,,102,66,77,341.6666666666667,32.94117647058824,21.428571428571423
Deer,#BA8759,,186,135,89,28.453608247422686,53.92156862745098,41.27659574468085
Denim,#1560BD,,21,96,189,213.21428571428572,41.1764705882353,80.0
Desert sand,#EDC9AF,,237,201,175,25.161290322580637,80.7843137254902,63.265306122449
Desire,#EA3C53,,234,60,83,352.06896551724134,57.647058823529406,80.55555555555554
Diamond,#B9F2FF,,185,242,255,191.14285714285714,86.27450980392157,100.0
Dim gray,#696969,昏灰,105,105,105,0.0,41.17647058823529,0.0
Dirt,#9B7653,,155,118,83,29.166666666666675,46.666666666666664,30.252100840336126
Dodger blue,#1E90FF,道奇藍,30,144,255,209.6,55.88235294117647,100.0
Dogwood rose,#D71868,,215,24,104,334.869109947644,46.86274509803921,79.9163179916318
Dollar bill,#85BB65,,133,187,101,97.67441860465115,56.470588235294116,38.73873873873873
Donkey Brown,#664C28,,102,76,40,34.83870967741935,27.84313725490196,43.66197183098592
Duke blue,#00009C,,0,0,156,240.0,30.58823529411765,100.0
Dust storm,#E5CCC9,,229,204,201,6.428571428571466,84.31372549019608,35.0
Dutch white,#EFDFBB,,239,223,187,41.53846153846155,83.52941176470587,61.904761904761905
Earth yellow,#E1A95F,,225,169,95,34.15384615384615,62.745098039215684,68.42105263157893
Ebony,#555D50,,85,93,80,96.92307692307692,33.92156862745098,7.5144508670520205
Ecru,#C2B280,,194,178,128,45.45454545454546,63.13725490196078,35.1063829787234
Sand,#C2B280,,194,178,128,45.45454545454546,63.13725490196078,35.1063829787234
Eerie black,#1B1B1B,,27,27,27,0.0,10.588235294117647,0.0
Eggplant,#614051,,97,64,81,329.09090909090907,31.56862745098039,20.496894409937884
Eggshell,#F0EAD6,,240,234,214,46.15384615384614,89.01960784313725,46.428571428571416
Egyptian blue,#1034A6,,16,52,166,225.59999999999997,35.68627450980392,82.41758241758241
Electric blue,#7DF9FF,,125,249,255,182.76923076923077,74.50980392156863,100.0
Electric crimson,#FF003F,,255,0,63,345.1764705882353,50.0,100.0
Electric green,#00FF00,鮮绿色,0,255,0,120.0,50.0,100.0
Green (Color Wheel) (X11 green),#00FF00,鮮绿色,0,255,0,120.0,50.0,100.0
Lime (web) (X11 green),#00FF00,鮮绿色,0,255,0,120.0,50.0,100.0
Electric indigo,#6F00FF,,111,0,255,266.11764705882354,50.0,100.0
Indigo,#6F00FF,,111,0,255,266.11764705882354,50.0,100.0
Electric lime,#CCFF00,亮檸檬綠,204,255,0,72.00000000000001,50.0,100.0
Electric lime,#CCFF00,亮檸檬绿,204,255,0,72.00000000000001,50.0,100.0
Fluorescent yellow,#CCFF00,亮檸檬綠,204,255,0,72.00000000000001,50.0,100.0
Fluorescent yellow,#CCFF00,亮檸檬绿,204,255,0,72.00000000000001,50.0,100.0
Electric purple,#BF00FF,,191,0,255,284.94117647058823,50.0,100.0
Electric ultramarine,#3F00FF,,63,0,255,254.82352941176472,50.0,100.0
Electric violet,#8F00FF,,143,0,255,273.6470588235294,50.0,100.0
Violet,#8F00FF,,143,0,255,273.6470588235294,50.0,100.0
Electric yellow,#FFFF00,鮮黃,255,255,0,60.0,50.0,100.0
Electric yellow,#FFFF00,黃色,255,255,0,60.0,50.0,100.0
Yellow,#FFFF00,鮮黃,255,255,0,60.0,50.0,100.0
Yellow,#FFFF00,黃色,255,255,0,60.0,50.0,100.0
Emerald,#50C878,碧綠,80,200,120,140.0,54.90196078431373,52.17391304347825
Paris Green,#50C878,碧綠,80,200,120,140.0,54.90196078431373,52.17391304347825
Eminence,#6C3082,,108,48,130,283.9024390243902,34.90196078431372,46.067415730337075
English lavender,#B48395,,180,131,149,337.95918367346934,60.98039215686275,24.62311557788946
English red,#AB4B52,,171,75,82,355.625,48.23529411764705,39.02439024390244
English violet,#563C5C,,86,60,92,288.75,29.80392156862745,21.052631578947366
Old heliotrope,#563C5C,,86,60,92,288.75,29.80392156862745,21.052631578947366
Eton blue,#96C8A2,,150,200,162,134.39999999999998,68.62745098039215,31.24999999999999
Eucalyptus,#44D7A8,,68,215,168,160.81632653061223,55.490196078431374,64.75770925110133
Falu red,#801818,,128,24,24,0.0,29.80392156862745,68.42105263157895
Fandango,#B53389,,181,51,137,320.3076923076923,45.490196078431374,56.03448275862068
Fandango pink,#DE5285,,222,82,133,338.14285714285717,59.6078431372549,67.96116504854369
Fashion fuchsia,#F400A1,,244,0,161,320.40983606557376,47.84313725490196,100.0
Hollywood cerise,#F400A1,,244,0,161,320.40983606557376,47.84313725490196,100.0
Fawn,#E5AA70,,229,170,112,29.743589743589737,66.86274509803923,69.23076923076923
Feldgrau,#4D5D53,,77,93,83,142.50000000000003,33.33333333333333,9.411764705882353
Feldspar,#FDD5B1,,253,213,177,28.421052631578956,84.31372549019608,95.00000000000001
Light apricot,#FDD5B1,,253,213,177,28.421052631578956,84.31372549019608,95.00000000000001
Fern green,#4F7942,,79,121,66,105.81818181818181,36.66666666666667,29.411764705882344
Ferrari Red,#FF2800,,255,40,0,9.411764705882353,50.0,100.0
Field drab,#6C541E,,108,84,30,41.53846153846153,27.058823529411764,56.52173913043479
Firebrick,#B22222,耐火磚紅,178,34,34,0.0,41.56862745098039,67.9245283018868
Fire engine red,#CE2029,,206,32,41,356.89655172413796,46.666666666666664,73.10924369747899
Flame,#E25822,,226,88,34,16.875,50.98039215686274,76.8
Flamingo pink,#FC8EAC,,252,142,172,343.6363636363636,77.25490196078432,94.82758620689657
Flavescent,#F7E98E,,247,233,142,51.99999999999999,76.27450980392156,86.77685950413225
Flax,#EEDC82,,238,220,130,50.000000000000014,72.15686274509804,76.05633802816902
Flirt,#A2006D,,162,0,109,319.6296296296296,31.76470588235294,100.0
Floral white,#FFFAF0,花卉白,255,250,240,39.999999999999964,97.05882352941177,100.0
Folly,#FF004F,,255,0,79,341.4117647058823,50.0,100.0
Forest green (traditional),#014421,,1,68,33,148.65671641791045,13.529411764705882,97.10144927536233
UP Forest green,#014421,,1,68,33,148.65671641791045,13.529411764705882,97.10144927536233
Forest green (web),#228B22,森林綠,34,139,34,120.0,33.921568627450974,60.69364161849712
French bistre,#856D4D,,133,109,77,34.28571428571428,41.17647058823529,26.66666666666667
French blue,#0072BB,,0,114,187,203.42245989304814,36.666666666666664,100.0
French fuchsia,#FD3F92,,253,63,146,333.7894736842105,61.96078431372549,97.93814432989691
French lilac,#86608E,,134,96,142,289.5652173913044,46.666666666666664,19.327731092436977
Pomp and Power,#86608E,,134,96,142,289.5652173913044,46.666666666666664,19.327731092436977
French lime,#9EFD38,,158,253,56,88.93401015228426,60.58823529411765,98.00995024875623
French pink,#FD6C9E,,253,108,158,339.31034482758616,70.7843137254902,97.31543624161074
French puce,#4E1609,,78,22,9,11.304347826086959,17.058823529411764,79.31034482758622
French raspberry,#C72C48,,199,44,72,349.1612903225806,47.647058823529406,63.78600823045269
French rose,#F64A8A,,246,74,138,337.6744186046512,62.745098039215684,90.52631578947371
French sky blue,#77B5FE,,119,181,254,212.44444444444449,73.13725490196079,98.54014598540147
French violet,#8806CE,,136,6,206,279.0,41.568627450980394,94.33962264150942
French wine,#AC1E44,,172,30,68,343.943661971831,39.6078431372549,70.29702970297029
Fresh Air,#A6E7FF,,166,231,255,196.17977528089887,82.54901960784314,100.0
Fuchsia,#FF00FF,洋紅,255,0,255,300.0,50.0,100.0
Fuchsia,#FF00FF,品紅,255,0,255,300.0,50.0,100.0
Magenta,#FF00FF,洋紅,255,0,255,300.0,50.0,100.0
Magenta,#FF00FF,品紅,255,0,255,300.0,50.0,100.0
Fuchsia pink,#FF77FF,,255,119,255,300.0,73.33333333333334,100.0
Fuchsia purple,#CC397B,,204,57,123,333.0612244897959,51.176470588235304,59.03614457831326
Fuchsia rose,#C74375,,199,67,117,337.27272727272725,52.156862745098046,54.098360655737686
Fulvous,#E48400,,228,132,0,34.73684210526316,44.70588235294118,100.0
Fuzzy Wuzzy,#CC6666,,204,102,102,0.0,60.00000000000001,50.000000000000014
Gainsboro,#DCDCDC,庚斯博羅灰,220,220,220,0.0,86.27450980392157,0.0
Gamboge,#E49B0F,,228,155,15,39.436619718309856,47.64705882352941,87.65432098765432
Generic viridian,#007F66,,0,127,102,168.18897637795274,24.901960784313726,100.0
Ghost white,#F8F8FF,幽靈白,248,248,255,240.0,98.62745098039215,100.0
Giants orange,#FE5A1D,,254,90,29,16.26666666666667,55.490196078431374,99.11894273127754
Ginger,#B06500,,176,101,0,34.43181818181818,34.509803921568626,100.0
Glaucous,#6082B6,,96,130,182,216.27906976744188,54.50980392156863,37.06896551724139
Glitter,#E6E8FA,,230,232,250,234.0,94.11764705882352,66.66666666666666
GO green,#00AB66,,0,171,102,155.78947368421055,33.52941176470588,100.0
Gold (metallic),#D4AF37,,212,175,55,45.859872611464965,52.352941176470594,64.6090534979424
Gold (web) (Golden),#FFD700,金色,255,215,0,50.588235294117645,50.0,100.0
Gold Fusion,#85754E,,133,117,78,42.545454545454525,41.372549019607845,26.066350710900473
Golden brown,#996515,,153,101,21,36.36363636363636,34.11764705882353,75.86206896551722
Golden poppy,#FCC200,,252,194,0,46.19047619047618,49.411764705882355,100.0
Golden yellow,#FFDF00,,255,223,0,52.47058823529412,50.0,100.0
Goldenrod,#DAA520,金菊色,218,165,32,42.903225806451616,49.01960784313725,74.4
Granny Smith Apple,#A8E4A0,,168,228,160,112.94117647058823,76.07843137254902,55.73770491803279
Grape,#6F2DA8,,111,45,168,272.19512195121945,41.76470588235294,57.746478873239425
Gray,#808080,灰色,128,128,128,0.0,50.19607843137255,0.0
Gray (HTML/CSS gray),#808080,灰色,128,128,128,0.0,50.19607843137255,0.0
Trolley Grey,#808080,灰色,128,128,128,0.0,50.19607843137255,0.0
Gray (X11 gray),#BEBEBE,,190,190,190,0.0,74.50980392156863,0.0
Gray-asparagus,#465945,,70,89,69,116.99999999999996,30.980392156862745,12.658227848101264
Green (Crayola),#1CAC78,,28,172,120,158.33333333333334,39.21568627450981,71.99999999999999
Green (Munsell),#00A877,,0,168,119,162.5,32.94117647058823,100.0
Green (NCS),#009F6B,,0,159,107,160.37735849056602,31.176470588235293,100.0
Green (Pantone),#00AD43,,0,173,67,143.23699421965318,33.92156862745098,100.0
Green (pigment),#00A550,,0,165,80,149.0909090909091,32.35294117647059,100.0
Green (RYB),#66B032,,102,176,50,95.23809523809521,44.31372549019608,55.75221238938054
Green-yellow,#ADFF2F,綠黃,173,255,47,83.65384615384615,59.21568627450981,100.0
Grullo,#A99A86,,169,154,134,34.28571428571427,59.411764705882355,16.908212560386467
Guppie green,#00FF7F,,0,255,127,149.88235294117646,50.0,100.0
Spring green,#00FF7F,,0,255,127,149.88235294117646,50.0,100.0
HalayÃ  Ãºbe,#663854,,102,56,84,323.4782608695652,30.980392156862745,29.113924050632917
Han blue,#446CCF,,68,108,207,222.7338129496403,53.92156862745098,59.14893617021277
Han purple,#5218FA,,82,24,250,255.39823008849555,53.72549019607843,95.76271186440678
Harlequin,#3FFF00,,63,255,0,105.1764705882353,50.0,100.0
Harvard crimson,#C90016,,201,0,22,353.4328358208955,39.411764705882355,100.0
Harvest gold,#DA9100,,218,145,0,39.908256880733944,42.745098039215684,100.0
Heart Gold,#808000,橄欖色,128,128,0,60.0,25.098039215686274,100.0
Olive,#808000,橄欖色,128,128,0,60.0,25.098039215686274,100.0
Heliotrope,#DF73FF,,223,115,255,286.2857142857143,72.54901960784314,100.0
Heliotrope gray,#AA98A9,,170,152,169,303.3333333333333,63.13725490196078,9.574468085106377
Rose quartz,#AA98A9,,170,152,169,303.3333333333333,63.13725490196078,9.574468085106377
Honeydew,#F0FFF0,蜜瓜綠,240,255,240,120.0,97.05882352941177,100.0
Honolulu blue,#006DB0,,0,109,176,202.8409090909091,34.509803921568626,100.0
Hooker's green,#49796B,,73,121,107,162.5,38.03921568627451,24.742268041237114
Hot magenta,#FF1DCE,,255,29,206,313.0088495575221,55.68627450980392,100.0
Hot pink,#FF69B4,暖粉紅,255,105,180,330.0,70.58823529411764,100.0
Iceberg,#71A6D2,,113,166,210,207.21649484536084,63.33333333333333,51.87165775401069
Icterine,#FCF75E,,252,247,94,58.10126582278481,67.84313725490196,96.34146341463415
Illuminating Emerald,#319177,,49,145,119,163.75000000000003,38.03921568627451,49.48453608247423
Imperial,#602F6B,,96,47,107,289.0,30.196078431372552,38.96103896103896
Imperial blue,#002395,,0,35,149,225.9060402684564,29.215686274509807,100.0
Imperial purple,#66023C,,102,2,60,325.2,20.392156862745097,96.15384615384616
Tyrian purple,#66023C,,102,2,60,325.2,20.392156862745097,96.15384615384616
Imperial red,#ED2939,,237,41,57,355.1020408163265,54.50980392156863,84.48275862068965
Red (Pantone),#ED2939,,237,41,57,355.1020408163265,54.50980392156863,84.48275862068965
Inchworm,#B2EC5D,,178,236,93,84.33566433566435,64.50980392156863,79.00552486187846
Independence,#4C516D,,76,81,109,230.9090909090909,36.27450980392157,17.837837837837835
India green,#138808,,19,136,8,114.84375,28.235294117647058,88.88888888888889
Indian red,#CD5C5C,印度紅,205,92,92,0.0,58.235294117647065,53.05164319248827
Indian yellow,#E3A857,,227,168,87,34.714285714285715,61.568627450980394,71.42857142857142
Indigo dye,#091F92,,9,31,146,230.36496350364962,30.392156862745097,88.38709677419355
Indigo (web),#4B0082,,75,0,130,274.6153846153846,25.49019607843137,100.0
International Klein Blue,#002FA7,國際奇連藍,0,47,167,223.11377245508984,32.745098039215684,100.0
International orange (aerospace),#FF4F00,,255,79,0,18.58823529411765,50.0,100.0
International orange (engineering),#BA160C,,186,22,12,3.4482758620689746,38.8235294117647,87.87878787878789
International orange (Golden Gate Bridge),#C0362C,,192,54,44,4.054054054054053,46.27450980392157,62.71186440677965
Iris,#5A4FCF,,90,79,207,245.15625,56.07843137254902,57.14285714285714
Irresistible,#B3446C,,179,68,108,338.3783783783784,48.4313725490196,44.93927125506073
Raspberry rose,#B3446C,,179,68,108,338.3783783783784,48.4313725490196,44.93927125506073
Isabelline,#F4F0EC,,244,240,236,29.999999999999893,94.11764705882352,26.66666666666671
Islamic green,#009000,,0,144,0,120.0,28.235294117647058,100.0
Ivory,#FFFFF0,象牙色,255,255,240,60.0,97.05882352941177,100.0
Jade,#00A86B,,0,168,107,158.21428571428572,32.94117647058823,100.0
Japanese carmine,#9D2933,,157,41,51,354.82758620689657,38.82352941176471,58.58585858585859
Japanese indigo,#264348,,38,67,72,188.82352941176467,21.568627450980394,30.909090909090907
Japanese violet,#5B3256,,91,50,86,307.3170731707317,27.647058823529413,29.078014184397162
Jasmine,#F8DE7E,,248,222,126,47.21311475409836,73.33333333333334,89.70588235294119
Mellow yellow,#F8DE7E,,248,222,126,47.21311475409836,73.33333333333334,89.70588235294119
Jasper,#D73B3E,,215,59,62,358.84615384615387,53.72549019607843,66.10169491525426
Jazzberry jam,#A50B5E,,165,11,94,327.6623376623377,34.509803921568626,87.50000000000001
Jelly Bean,#DA614E,,218,97,78,8.14285714285714,58.0392156862745,65.42056074766354
Jet,#343434,,52,52,52,0.0,20.392156862745097,0.0
Jonquil,#F4CA16,,244,202,22,48.64864864864864,52.156862745098046,90.98360655737707
Jordy blue,#8AB9F1,,138,185,241,212.62135922330094,74.31372549019608,78.62595419847327
June bud,#BDDA57,,189,218,87,73.28244274809158,59.80392156862745,63.90243902439025
Jungle green,#29AB87,,41,171,135,163.3846153846154,41.56862745098039,61.32075471698113
Kelly green,#4CBB17,,76,187,23,100.60975609756098,41.17647058823529,78.0952380952381
Kenyan copper,#7C1C05,,124,28,5,11.596638655462183,25.294117647058822,92.24806201550389
Keppel,#3AB09E,,58,176,158,170.84745762711864,45.88235294117647,50.42735042735044
Khaki (HTML/CSS) (Khaki),#C3B091,,195,176,145,37.2,66.66666666666666,29.411764705882344
Khaki (X11) (Light khaki),#F0E68C,亮卡其色,240,230,140,54.0,74.50980392156863,76.92307692307692
Light khaki,#F0E68C,亮卡其色,240,230,140,54.0,74.50980392156863,76.92307692307692
Kobe,#882D17,,136,45,23,11.681415929203546,31.176470588235293,71.0691823899371
Sienna,#882D17,,136,45,23,11.681415929203546,31.176470588235293,71.0691823899371
Kobi,#E79FC4,,231,159,196,329.1666666666667,76.47058823529412,59.999999999999986
Kombu green,#354230,,53,66,48,103.33333333333333,22.35294117647059,15.789473684210531
KU Crimson,#E8000D,,232,0,13,356.63793103448273,45.490196078431374,100.0
La Salle Green,#087830,,8,120,48,141.42857142857142,25.098039215686274,87.5
Languid lavender,#D6CADD,,214,202,221,277.89473684210526,82.94117647058823,21.839080459770134
Lapis lazuli,#26619C,,38,97,156,210.0,38.03921568627452,60.824742268041234
Laser Lemon,#FFFF66,,255,255,102,60.0,70.0,100.0
Unmellow yellow,#FFFF66,,255,255,102,60.0,70.0,100.0
Laurel green,#A9BA9D,,169,186,157,95.17241379310346,67.25490196078432,17.365269461077837
Lava,#CF1020,,207,16,32,354.9738219895288,43.72549019607843,85.65022421524664
Lavender (floral),#B57EDC,,181,126,220,275.1063829787234,67.84313725490196,57.31707317073172
Lavender (web),#E6E6FA,薰衣草紫,230,230,250,240.0,94.11764705882352,66.66666666666666
Lavender mist,#E6E6FA,薰衣草紫,230,230,250,240.0,94.11764705882352,66.66666666666666
Lavender blue,#CCCCFF,長春花色,204,204,255,240.0,90.0,100.0
Periwinkle,#CCCCFF,長春花色,204,204,255,240.0,90.0,100.0
Lavender blush,#FFF0F5,薰衣草紫紅,255,240,245,339.99999999999994,97.05882352941177,100.0
Lavender gray,#C4C3D0,,196,195,208,244.6153846153847,79.01960784313725,12.149532710280383
Lavender indigo,#9457EB,,148,87,235,264.72972972972974,63.13725490196078,78.72340425531912
Navy purple,#9457EB,,148,87,235,264.72972972972974,63.13725490196078,78.72340425531912
Lavender magenta,#EE82EE,亮紫,238,130,238,300.0,72.15686274509804,76.05633802816902
Violet (web),#EE82EE,亮紫,238,130,238,300.0,72.15686274509804,76.05633802816902
Lavender pink,#FBAED2,,251,174,210,331.94805194805195,83.33333333333333,90.58823529411765
Lavender purple,#967BB6,,150,123,182,267.45762711864404,59.80392156862745,28.780487804878057
Lavender rose,#FBA0E3,,251,160,227,315.8241758241758,80.58823529411765,91.91919191919192
Lawn green,#7CFC00,草坪綠,124,252,0,90.47619047619048,49.411764705882355,100.0
Lemon,#FFF700,,255,247,0,58.117647058823536,50.0,100.0
Lemon chiffon,#FFFACD,檸檬綢色,255,250,205,53.999999999999986,90.19607843137256,100.0
Lemon curry,#CCA01D,,204,160,29,44.914285714285704,45.68627450980392,75.10729613733905
Lemon glacier,#FDFF00,,253,255,0,60.470588235294116,50.0,100.0
Lemon lime,#E3FF00,,227,255,0,66.58823529411765,50.0,100.0
Lemon meringue,#F6EABE,,246,234,190,47.142857142857125,85.49019607843138,75.67567567567572
Lemon yellow,#FFF44F,,255,244,79,56.25000000000001,65.49019607843137,100.0
Licorice,#1A1110,,26,17,16,5.999999999999998,8.235294117647058,23.809523809523807
Liberty,#545AA7,,84,90,167,235.66265060240966,49.21568627450981,33.067729083665334
Light blue,#ADD8E6,亮藍,173,216,230,194.73684210526315,79.01960784313727,53.27102803738316
Light brown,#B5651D,,181,101,29,28.42105263157894,41.1764705882353,72.38095238095238
Light carmine pink,#E66771,,230,103,113,355.2755905511811,65.29411764705883,71.75141242937852
Light coral,#F08080,亮珊瑚色,240,128,128,0.0,72.15686274509804,78.87323943661971
Light cornflower blue,#93CCEA,,147,204,234,200.68965517241378,74.70588235294117,67.44186046511625
Light crimson,#F56991,,245,105,145,342.85714285714283,68.62745098039215,87.50000000000003
Light cyan,#E0FFFF,亮青,224,255,255,180.0,93.92156862745098,100.0
Light cyan,#E0FFFF,淺藍,224,255,255,180.0,93.92156862745098,100.0
Light deep pink,#FF5CCD,,255,92,205,318.40490797546016,68.03921568627452,100.0
Light French beige,#C8AD7F,,200,173,127,37.8082191780822,64.11764705882352,39.89071038251365
Light fuchsia pink,#F984EF,,249,132,239,305.12820512820514,74.70588235294117,90.69767441860466
Light goldenrod yellow,#FAFAD2,亮金菊黃,250,250,210,60.0,90.19607843137254,80.00000000000001
Light gray,#D3D3D3,亮灰色,211,211,211,0.0,82.74509803921568,0.0
Light green,#90EE90,亮綠,144,238,144,120.0,74.90196078431373,73.4375
Light hot pink,#FFB3DE,,255,179,222,326.05263157894734,85.09803921568627,100.0
Light medium orchid,#D39BCB,,211,155,203,308.57142857142856,71.76470588235293,38.888888888888886
Light moss green,#ADDFAD,,173,223,173,120.0,77.64705882352942,43.859649122807014
Light orchid,#E6A8D7,,230,168,215,314.51612903225805,78.03921568627452,55.35714285714285
Light pastel purple,#B19CD9,,177,156,217,260.65573770491807,73.13725490196079,44.52554744525547
Light pink,#FFB6C1,亮粉紅,255,182,193,350.958904109589,85.68627450980392,100.0
Light salmon,#FFA07A,亮鮭紅,255,160,122,17.142857142857135,73.92156862745098,100.0
Light salmon pink,#FF9999,,255,153,153,0.0,80.0,100.0
Light sea green,#20B2AA,亮海綠,32,178,170,176.71232876712327,41.17647058823529,69.52380952380952
Light sky blue,#87CEFA,亮天藍,135,206,250,202.9565217391304,75.49019607843137,92.0
Light slate gray,#778899,亮岩灰,119,136,153,210.0,53.333333333333336,14.285714285714285
Light steel blue,#B0C4DE,亮鋼藍,176,196,222,213.91304347826087,78.03921568627452,41.07142857142858
Light taupe,#B38B6D,,179,139,109,25.714285714285708,56.470588235294116,31.531531531531527
Light yellow,#FFFFE0,亮黃,255,255,224,60.0,93.92156862745098,100.0
Lilac,#C8A2C8,,200,162,200,300.0,70.98039215686273,25.675675675675674
Lime (color wheel),#BFFF00,,191,255,0,75.05882352941177,50.0,100.0
Lime green,#32CD32,檸檬綠,50,205,50,120.0,50.0,60.7843137254902
Limerick,#9DC209,,157,194,9,71.99999999999999,39.80392156862745,91.13300492610837
Lincoln green,#195905,,25,89,5,105.71428571428572,18.431372549019606,89.36170212765958
Linen,#FAF0E6,亞麻色,250,240,230,30.0,94.11764705882352,66.66666666666666
Little boy blue,#6CA0DC,,108,160,220,212.14285714285714,64.31372549019608,61.538461538461554
Liver,#674C47,,103,76,71,9.374999999999993,34.11764705882353,18.39080459770115
Medium taupe,#674C47,,103,76,71,9.374999999999993,34.11764705882353,18.39080459770115
Liver (dogs),#B86D29,,184,109,41,28.53146853146853,44.11764705882353,63.55555555555556
Liver (organ),#6C2E1F,,108,46,31,11.688311688311686,27.254901960784313,55.39568345323741
Liver chestnut,#987456,,152,116,86,27.27272727272727,46.666666666666664,27.731092436974787
Lumber,#FFE4CD,,255,228,205,27.600000000000012,90.19607843137256,100.0
Lust,#E62020,,230,32,32,0.0,51.37254901960784,79.83870967741935
Magenta (dye),#CA1F7B,,202,31,123,327.719298245614,45.68627450980392,73.39055793991416
Magenta (Pantone),#D0417E,,208,65,126,334.4055944055944,53.529411764705884,60.337552742616026
Magenta (process),#FF0090,,255,0,144,326.11764705882354,50.0,100.0
Magenta haze,#9F4576,,159,69,118,327.3333333333333,44.705882352941174,39.47368421052632
Magic mint,#AAF0D1,,170,240,209,153.42857142857142,80.3921568627451,70.0
Magnolia,#F8F4FF,,248,244,255,261.81818181818176,97.84313725490196,100.0
Mahogany,#C04000,,192,64,0,20.0,37.64705882352941,100.0
Majorelle Blue,#6050DC,,96,80,220,246.85714285714283,58.82352941176471,66.66666666666667
Malachite,#0BDA51,,11,218,81,140.28985507246378,44.90196078431372,90.39301310043669
Manatee,#979AAA,,151,154,170,230.52631578947373,62.94117647058823,10.052910052910045
Mango Tango,#FF8243,,255,130,67,20.106382978723406,63.13725490196078,100.0
Mantis,#74C365,,116,195,101,110.42553191489363,58.0392156862745,43.9252336448598
Mardi Gras,#880085,,136,0,133,301.3235294117647,26.666666666666668,100.0
Maroon (HTML/CSS),#800000,栗色,128,0,0,0.0,25.098039215686274,100.0
Maroon (X11),#B03060,,176,48,96,337.5,43.92156862745098,57.14285714285714
Rich maroon,#B03060,,176,48,96,337.5,43.92156862745098,57.14285714285714
Mauve,#E0B0FF,,224,176,255,276.4556962025316,84.50980392156863,100.0
Mauve taupe,#915F6D,,145,95,109,343.2,47.05882352941176,20.833333333333332
Raspberry glace,#915F6D,,145,95,109,343.2,47.05882352941176,20.833333333333332
Mauvelous,#EF98AA,,239,152,170,347.58620689655174,76.66666666666666,73.10924369747899
May green,#4C9141,,76,145,65,111.74999999999999,41.17647058823529,38.0952380952381
Maya blue,#73C2FB,,115,194,251,205.1470588235294,71.76470588235294,94.44444444444441
Meat brown,#E5B73B,,229,183,59,43.76470588235294,56.470588235294116,76.57657657657658
Medium aquamarine,#66DDAA,,102,221,170,154.28571428571428,63.33333333333333,63.63636363636365
Medium blue,#0000CD,中藍,0,0,205,240.0,40.19607843137255,100.0
Medium candy apple red,#E2062C,,226,6,44,349.6363636363636,45.490196078431374,94.82758620689654
Medium carmine,#AF4035,,175,64,53,5.409836065573764,44.70588235294118,53.50877192982455
Pale carmine,#AF4035,,175,64,53,5.409836065573764,44.70588235294118,53.50877192982455
Medium champagne,#F3E5AB,,243,229,171,48.33333333333335,81.17647058823529,74.99999999999997
Vanilla,#F3E5AB,,243,229,171,48.33333333333335,81.17647058823529,74.99999999999997
Medium electric blue,#035096,,3,80,150,208.57142857142858,30.0,96.07843137254903
Medium jungle green,#1C352D,,28,53,45,160.8,15.88235294117647,30.864197530864203
Medium lavender magenta,#DDA0DD,李紫,221,160,221,300.0,74.70588235294117,47.28682170542637
Medium lavender magenta,#DDA0DD,梅紅色,221,160,221,300.0,74.70588235294117,47.28682170542637
Pale plum,#DDA0DD,李紫,221,160,221,300.0,74.70588235294117,47.28682170542637
Pale plum,#DDA0DD,梅紅色,221,160,221,300.0,74.70588235294117,47.28682170542637
Plum (web),#DDA0DD,李紫,221,160,221,300.0,74.70588235294117,47.28682170542637
Plum (web),#DDA0DD,梅紅色,221,160,221,300.0,74.70588235294117,47.28682170542637
Medium orchid,#BA55D3,中蘭紫,186,85,211,288.0952380952381,58.0392156862745,58.87850467289718
Medium Persian blue,#0067A5,,0,103,165,202.54545454545456,32.35294117647059,100.0
Sapphire blue,#0067A5,,0,103,165,202.54545454545456,32.35294117647059,100.0
Medium purple,#9370DB,中紫紅,147,112,219,259.6261682242991,64.90196078431372,59.77653631284916
Medium red-violet,#BB3385,,187,51,133,323.8235294117647,46.666666666666664,57.14285714285713
Medium ruby,#AA4069,,170,64,105,336.79245283018867,45.88235294117647,45.2991452991453
Medium sea green,#3CB371,中海綠,60,179,113,146.72268907563026,46.86274509803921,49.79079497907949
Medium sky blue,#80DAEB,,128,218,235,189.5327102803738,71.17647058823529,72.78911564625847
Medium slate blue,#7B68EE,中岩藍,123,104,238,248.50746268656715,67.05882352941177,79.76190476190477
Medium spring bud,#C9DC87,,201,220,135,73.41176470588236,69.6078431372549,54.83870967741936
Medium spring green,#00FA9A,中春綠色,0,250,154,156.96,49.01960784313725,100.0
Medium turquoise,#48D1CC,中綠松石色,72,209,204,177.8102189781022,55.09803921568628,59.82532751091703
Medium vermilion,#D9603B,,217,96,59,14.050632911392405,54.11764705882353,67.52136752136754
Medium violet-red,#C71585,中青紫紅,199,21,133,322.24719101123594,43.13725490196079,80.90909090909089
Red-violet,#C71585,中青紫紅,199,21,133,322.24719101123594,43.13725490196079,80.90909090909089
Mellow apricot,#F8B878,,248,184,120,30.0,72.15686274509804,90.14084507042254
Melon,#FDBCB4,,253,188,180,6.575342465753424,84.90196078431373,94.80519480519483
Metallic Seaweed,#0A7E8C,,10,126,140,186.46153846153845,29.411764705882355,86.66666666666669
Metallic Sunburst,#9C7C38,,156,124,56,40.8,41.568627450980394,47.169811320754725
Mexican pink,#E4007C,,228,0,124,327.36842105263156,44.70588235294118,100.0
Midnight blue,#191970,午夜藍,25,25,112,240.0,26.862745098039216,63.503649635036496
Midnight green (eagle green),#004953,,0,73,83,187.22891566265056,16.274509803921568,100.0
Mikado yellow,#FFC40C,,255,196,12,45.432098765432094,52.352941176470594,100.0
Mindaro,#E3F988,,227,249,136,71.68141592920352,75.49019607843137,90.40000000000002
Mint,#3EB489,,62,180,137,158.13559322033896,47.450980392156865,48.760330578512395
Mint cream,#F5FFFA,薄荷奶油色,245,255,250,149.99999999999991,98.03921568627452,100.0
Mint green,#98FF98,,152,255,152,120.0,79.80392156862746,100.0
Misty rose,#FFE4E1,霧玫瑰色,255,228,225,6.000000000000032,94.11764705882352,100.0
Moonstone blue,#73A9C2,,115,169,194,198.9873417721519,60.588235294117645,39.303482587064664
Mordant red 19,#AE0C00,,174,12,0,4.137931034482761,34.11764705882353,100.0
Moss green,#8A9A5B,,138,154,91,75.23809523809524,48.0392156862745,25.71428571428571
Mountain Meadow,#30BA8F,,48,186,143,161.30434782608694,45.88235294117647,58.97435897435898
Mountbatten pink,#997A8D,,153,122,141,323.22580645161287,53.92156862745098,13.191489361702125
MSU Green,#18453B,,24,69,59,166.66666666666669,18.235294117647058,48.387096774193544
Mughal green,#306030,,48,96,48,120.0,28.235294117647058,33.33333333333333
Mulberry,#C54B8C,,197,75,140,328.0327868852459,53.333333333333336,51.26050420168068
Mustard,#FFDB58,,255,219,88,47.06586826347305,67.25490196078432,100.0
Myrtle green,#317873,,49,120,115,175.77464788732394,33.13725490196078,42.01183431952663
Nadeshiko pink,#F6ADC6,,246,173,198,339.45205479452056,82.15686274509804,80.21978021978025
Napier green,#2A8000,,42,128,0,100.3125,25.098039215686274,100.0
Naples yellow,#FADA5E,,250,218,94,47.69230769230769,67.45098039215686,93.97590361445783
Royal yellow,#FADA5E,,250,218,94,47.69230769230769,67.45098039215686,93.97590361445783
Stil de grain yellow,#FADA5E,,250,218,94,47.69230769230769,67.45098039215686,93.97590361445783
Navajo white,#FFDEAD,那瓦霍白,255,222,173,35.85365853658537,83.92156862745098,100.0
Navy,#000080,藏青,0,0,128,240.0,25.098039215686274,100.0
Neon Carrot,#FFA343,,255,163,67,30.638297872340424,63.13725490196078,100.0
Neon fuchsia,#FE4164,,254,65,100,348.88888888888886,62.549019607843135,98.95287958115183
Neon green,#39FF14,,57,255,20,110.55319148936171,53.92156862745098,100.0
New Car,#214FC6,,33,79,198,223.27272727272722,45.294117647058826,71.42857142857143
New York pink,#D7837F,,215,131,127,2.727272727272718,67.05882352941177,52.380952380952394
Non-photo blue,#A4DDED,,164,221,237,193.15068493150685,78.62745098039217,66.97247706422019
North Texas Green,#059033,,5,144,51,139.85611510791367,29.215686274509807,93.28859060402684
Nyanza,#E9FFDB,,233,255,219,96.66666666666667,92.94117647058823,100.0
Ocean Boat Blue,#0077BE,,0,119,190,202.42105263157893,37.254901960784316,100.0
Ochre,#CC7722,赭色,204,119,34,30.0,46.666666666666664,71.42857142857143
Old burgundy,#43302E,,67,48,46,5.7142857142857135,22.15686274509804,18.584070796460182
Old gold,#CFB53B,,207,181,59,49.45945945945947,52.156862745098046,60.65573770491803
Old lace,#FDF5E6,舊蕾絲色,253,245,230,39.130434782608695,94.70588235294117,85.18518518518523
Old lavender,#796878,,121,104,120,303.52941176470586,44.11764705882353,7.5555555555555545
Old mauve,#673147,,103,49,71,335.55555555555554,29.80392156862745,35.526315789473685
Wine dregs,#673147,,103,49,71,335.55555555555554,29.80392156862745,35.526315789473685
Old moss green,#867E36,,134,126,54,54.0,36.86274509803922,42.553191489361694
Old rose,#C08081,,192,128,129,359.0625,62.745098039215684,33.68421052631579
Olive Drab (#3),#6B8E23,橄欖軍服綠,107,142,35,79.62616822429906,34.705882352941174,60.451977401129945
Olive Drab #7,#3C341F,,60,52,31,43.44827586206897,17.84313725490196,31.868131868131865
Olivine,#9AB973,,154,185,115,86.57142857142858,58.82352941176471,33.33333333333333
Onyx,#353839,,53,56,57,195.00000000000006,21.568627450980394,3.6363636363636362
Opera mauve,#B784A7,,183,132,167,318.8235294117647,61.76470588235294,26.153846153846157
Orange (color wheel),#FF7F00,,255,127,0,29.88235294117647,50.0,100.0
Orange (Crayola),#FF7538,,255,117,56,18.391959798994968,60.98039215686275,100.0
Orange (Pantone),#FF5800,,255,88,0,20.705882352941174,50.0,100.0
Orange (RYB),#FB9902,,251,153,2,36.3855421686747,49.607843137254896,98.41897233201581
Orange (web),#FFA500,橙色,255,165,0,38.82352941176471,50.0,100.0
Orange peel,#FF9F00,,255,159,0,37.411764705882355,50.0,100.0
Orange-red,#FF4500,橙紅,255,69,0,16.235294117647054,50.0,100.0
Orchid,#DA70D6,蘭紫,218,112,214,302.2641509433962,64.70588235294117,58.88888888888889
Orchid pink,#F2BDCD,,242,189,205,341.8867924528302,84.50980392156863,67.08860759493669
Orioles orange,#FB4F14,,251,79,20,15.324675324675324,53.13725490196079,96.65271966527196
Outer Space,#414A4C,,65,74,76,190.90909090909085,27.647058823529413,7.801418439716314
Outrageous Orange,#FF6E4A,,255,110,74,11.93370165745856,64.50980392156863,100.0
Oxford Blue,#002147,,0,33,71,212.11267605633805,13.92156862745098,100.0
OU Crimson Red,#990000,,153,0,0,0.0,30.0,100.0
Stizza,#990000,,153,0,0,0.0,30.0,100.0
USC Cardinal,#990000,,153,0,0,0.0,30.0,100.0
Pakistan green,#006600,,0,102,0,120.0,20.0,100.0
Palatinate blue,#273BE2,,39,59,226,233.58288770053474,51.96078431372548,76.3265306122449
Palatinate purple,#682860,,104,40,96,307.5,28.235294117647058,44.44444444444444
Pale blue,#AFEEEE,灰綠松石色,175,238,238,180.0,80.98039215686275,64.94845360824742
Pale turquoise,#AFEEEE,灰綠松石色,175,238,238,180.0,80.98039215686275,64.94845360824742
Pale brown,#987654,,152,118,84,30.000000000000007,46.27450980392157,28.8135593220339
Pale cerulean,#9BC4E2,,155,196,226,205.3521126760563,74.70588235294117,55.038759689922465
Pale chestnut,#DDADAF,,221,173,175,357.5,77.25490196078432,41.379310344827594
Pale cornflower blue,#ABCDEF,,171,205,239,210.0,80.3921568627451,68.0
Pale gold,#E6BE8A,,230,190,138,33.913043478260875,72.15686274509804,64.78873239436619
Pale goldenrod,#EEE8AA,灰金菊色,238,232,170,54.705882352941174,80.0,66.66666666666667
Pale green,#98FB98,灰綠,152,251,152,120.0,79.01960784313725,92.5233644859813
Pale lavender,#DCD0FF,,220,208,255,255.31914893617022,90.7843137254902,100.0
Pale magenta,#F984E5,,249,132,229,310.2564102564103,74.70588235294117,90.69767441860466
Pale pink,#FADADD,,250,218,221,354.37499999999994,91.76470588235294,76.1904761904762
Pale red-violet,#DB7093,灰紫紅,219,112,147,340.373831775701,64.90196078431372,59.77653631284916
Pale violet-red,#DB7093,灰紫紅,219,112,147,340.373831775701,64.90196078431372,59.77653631284916
Pale robin egg blue,#96DED1,,150,222,209,169.16666666666666,72.94117647058825,52.17391304347826
Pale silver,#C9C0BB,,201,192,187,21.428571428571466,76.07843137254902,11.475409836065575
Pale spring bud,#ECEBBD,,236,235,189,58.723404255319124,83.33333333333334,55.29411764705884
Pale taupe,#BC987E,,188,152,126,25.161290322580637,61.568627450980394,31.6326530612245
Pansy purple,#78184A,,120,24,74,328.75,28.235294117647058,66.66666666666666
Paolo Veronese green,#009B7D,,0,155,125,168.38709677419357,30.392156862745097,100.0
Papaya whip,#FFEFD5,番木瓜色,255,239,213,37.14285714285714,91.76470588235294,100.0
Papaya whip,#FFEFD5,蕃木瓜色,255,239,213,37.14285714285714,91.76470588235294,100.0
Paradise pink,#E63E62,,230,62,98,347.14285714285717,57.25490196078431,77.06422018348623
Pastel blue,#AEC6CF,,174,198,207,196.36363636363635,74.70588235294117,25.581395348837205
Pastel brown,#836953,,131,105,83,27.500000000000004,41.96078431372548,22.42990654205607
Pastel gray,#CFCFC4,,207,207,196,60.0,79.01960784313727,10.280373831775693
Pastel green,#77DD77,,119,221,119,120.0,66.66666666666667,60.00000000000001
Pastel magenta,#F49AC2,,244,154,194,333.3333333333333,78.03921568627452,80.35714285714289
Pastel orange,#FFB347,,255,179,71,35.21739130434782,63.921568627450974,100.0
Pastel pink,#DEA5A4,,222,165,164,1.034482758620685,75.68627450980392,46.774193548387096
Pastel purple,#B39EB5,,179,158,181,294.7826086956521,66.47058823529413,13.450292397660824
Pastel red,#FF6961,,255,105,97,3.0379746835443067,69.01960784313725,100.0
Pastel violet,#CB99C9,,203,153,201,302.4,69.80392156862744,32.46753246753245
Pastel yellow,#FDFD96,,253,253,150,60.0,79.01960784313727,96.26168224299066
Patriarch,#800080,紫紅,128,0,128,300.0,25.098039215686274,100.0
Purple (HTML),#800080,紫紅,128,0,128,300.0,25.098039215686274,100.0
Peach,#FFE5B4,桃色,255,229,180,39.199999999999996,85.29411764705883,100.0
Peach-orange,#FFCC99,,255,204,153,30.000000000000007,80.0,100.0
Peach puff,#FFDAB9,粉撲桃色,255,218,185,28.28571428571428,86.27450980392157,100.0
Peach-yellow,#FADFAD,,250,223,173,38.96103896103896,82.94117647058823,88.50574712643679
Pear,#D1E231,,209,226,49,65.76271186440678,53.92156862745098,75.31914893617021
Pearl,#EAE0C8,,234,224,200,42.352941176470594,85.09803921568627,44.73684210526312
Pearl Aqua,#88D8C0,,136,216,192,162.0,69.01960784313725,50.63291139240506
Pearly purple,#B768A2,,183,104,162,315.94936708860763,56.27450980392157,35.42600896860987
Peridot,#E6E200,,230,226,0,58.95652173913043,45.09803921568628,100.0
Persian blue,#1C39BB,,28,57,187,229.05660377358492,42.15686274509803,73.95348837209303
Persian green,#00A693,,0,166,147,173.13253012048193,32.549019607843135,100.0
Persian indigo,#32127A,,50,18,122,258.46153846153845,27.450980392156865,74.28571428571428
Persian orange,#D99058,,217,144,88,26.046511627906973,59.80392156862745,62.926829268292686
Persian pink,#F77FBE,,247,127,190,328.5,73.33333333333334,88.23529411764707
Persian plum,#701C1C,,112,28,28,0.0,27.450980392156865,60.0
Prune,#701C1C,,112,28,28,0.0,27.450980392156865,60.0
Persian red,#CC3333,,204,51,51,0.0,50.0,60.00000000000001
Persian rose,#FE28A2,,254,40,162,325.7943925233645,57.647058823529406,99.07407407407408
Persimmon,#EC5800,,236,88,0,22.372881355932204,46.27450980392157,100.0
Peru,#CD853F,秘魯色,205,133,63,29.577464788732396,52.54901960784314,58.67768595041323
Phlox,#DF00FF,,223,0,255,292.47058823529414,50.0,100.0
Psychedelic purple,#DF00FF,,223,0,255,292.47058823529414,50.0,100.0
Phthalo blue,#000F89,,0,15,137,233.4306569343066,26.862745098039216,100.0
Phthalo green,#123524,,18,53,36,150.85714285714286,13.92156862745098,49.29577464788733
Picton blue,#45B1E8,,69,177,232,200.24539877300614,59.01960784313726,77.99043062200954
Pictorial carmine,#C30B4E,,195,11,78,338.1521739130435,40.3921568627451,89.32038834951457
Piggy pink,#FDDDE6,,253,221,230,343.125,92.94117647058823,88.88888888888893
Pine green,#01796F,,1,121,111,175.0,23.921568627450977,98.36065573770493
Pink,#FFC0CB,粉紅,255,192,203,349.5238095238095,87.6470588235294,100.0
Pink (Pantone),#D74894,,215,72,148,328.1118881118881,56.27450980392157,64.1255605381166
Pink lace,#FFDDF4,,255,221,244,319.4117647058823,93.33333333333333,100.0
Pink lavender,#D8B2D1,,216,178,209,311.0526315789474,77.25490196078431,32.75862068965518
Pink pearl,#E7ACCF,,231,172,207,324.4067796610169,79.01960784313727,55.14018691588783
Pink Sherbet,#F78FA7,,247,143,167,346.1538461538462,76.47058823529412,86.66666666666669
Pistachio,#93C572,,147,197,114,96.14457831325304,60.98039215686275,41.70854271356784
Platinum,#E5E4E2,,229,228,226,40.00000000000019,89.21568627450979,5.4545454545454835
Plum,#8E4585,,142,69,133,307.3972602739726,41.37254901960784,34.597156398104275
Popstar,#BE4F62,,190,79,98,349.72972972972974,52.74509803921569,46.058091286307054
Portland Orange,#FF5A36,,255,90,54,10.746268656716422,60.588235294117645,100.0
Powder blue,#B0E0E6,嬰兒粉藍,176,224,230,186.66666666666669,79.6078431372549,51.92307692307692
Princeton orange,#FF8F00,,255,143,0,33.64705882352941,50.0,100.0
Prussian blue,#003153,普鲁士藍,0,49,83,204.57831325301203,16.274509803921568,100.0
Puce,#CC8899,,204,136,153,345.0,66.66666666666667,40.00000000000001
Puce red,#722F37,,114,47,55,352.8358208955224,31.56862745098039,41.61490683229814
Wine,#722F37,,114,47,55,352.8358208955224,31.56862745098039,41.61490683229814
Pullman Brown (UPS Brown),#644117,,100,65,23,32.72727272727273,24.11764705882353,62.601626016260155
Pumpkin,#FF7518,,255,117,24,24.155844155844154,54.70588235294118,100.0
Purple (Munsell),#9F00C5,,159,0,197,288.42639593908626,38.62745098039216,100.0
Purple (X11),#A020F0,,160,32,240,276.9230769230769,53.333333333333336,87.39495798319328
Veronica,#A020F0,,160,32,240,276.9230769230769,53.333333333333336,87.39495798319328
Purple Heart,#69359C,,105,53,156,270.2912621359223,40.98039215686275,49.2822966507177
Purple mountain majesty,#9678B6,,150,120,182,269.03225806451616,59.21568627450981,29.807692307692314
Purple navy,#4E5180,,78,81,128,236.40000000000003,40.3921568627451,24.27184466019417
Purple pizzazz,#FE4EDA,,254,78,218,312.27272727272725,65.09803921568627,98.87640449438203
Purple taupe,#50404D,,80,64,77,311.25,28.235294117647058,11.11111111111111
Purpureus,#9A4EAE,,154,78,174,287.5,49.411764705882355,38.095238095238095
Quartz,#51484F,,81,72,79,313.33333333333326,30.0,5.882352941176468
Queen blue,#436B95,,67,107,149,210.73170731707316,42.352941176470594,37.96296296296296
Queen pink,#E8CCD7,,232,204,215,336.42857142857144,85.49019607843138,37.83783783783781
Quinacridone magenta,#8E3A59,,142,58,89,337.85714285714283,39.21568627450981,42.00000000000001
Radical Red,#FF355E,,255,53,94,347.8217821782178,60.3921568627451,100.0
Rajah,#FBAB60,,251,171,96,29.032258064516128,68.03921568627452,95.0920245398773
Raspberry,#E30B5D,,227,11,93,337.22222222222223,46.666666666666664,90.75630252100841
Raspberry pink,#E25098,,226,80,152,330.4109589041096,60.0,71.56862745098039
Raw umber,#826644,,130,102,68,32.90322580645162,38.8235294117647,31.313131313131315
Razzle dazzle rose,#FF33CC,,255,51,204,315.0,60.0,100.0
Razzmatazz,#E3256B,,227,37,107,337.89473684210526,51.764705882352935,77.23577235772356
Razzmic Berry,#8D4E85,,141,78,133,307.61904761904765,42.94117647058824,28.767123287671232
Red,#FF0000,紅色,255,0,0,0.0,50.0,100.0
Red (Crayola),#EE204D,,238,32,77,346.8932038834952,52.94117647058824,85.83333333333334
Red (Munsell),#F2003C,,242,0,60,345.1239669421488,47.45098039215686,100.0
Red (NCS),#C40233,,196,2,51,344.8453608247422,38.82352941176471,97.979797979798
Red (pigment),#ED1C24,,237,28,36,357.70334928229664,51.9607843137255,85.3061224489796
Red (RYB),#FE2712,,254,39,18,5.338983050847457,53.333333333333336,99.15966386554622
Red devil,#860111,,134,1,17,352.78195488721803,26.47058823529412,98.51851851851853
Red-orange,#FF5349,,255,83,73,3.2967032967032917,64.31372549019608,100.0
Red-purple,#E40078,,228,0,120,328.4210526315789,44.70588235294118,100.0
Redwood,#A45A52,,164,90,82,5.853658536585364,48.235294117647065,33.33333333333333
Regalia,#522D80,,82,45,128,266.7469879518072,33.92156862745098,47.97687861271675
Resolution blue,#002387,,0,35,135,224.44444444444443,26.47058823529412,100.0
Rhythm,#777696,,119,118,150,241.875,52.54901960784314,13.223140495867773
Rich black,#004040,,0,64,64,180.0,12.549019607843137,100.0
Rich brilliant lavender,#F1A7FE,,241,167,254,291.0344827586207,82.54901960784314,97.75280898876404
Rich electric blue,#0892D0,,8,146,208,198.60000000000002,42.35294117647059,92.5925925925926
Rich lavender,#A76BCF,,167,107,207,276.0,61.568627450980394,51.02040816326531
Rich lilac,#B666D2,,182,102,210,284.44444444444446,61.1764705882353,54.54545454545454
Rifle green,#444C38,,68,76,56,83.99999999999999,25.882352941176467,15.151515151515152
Robin egg blue,#00CCCC,,0,204,204,180.0,40.0,100.0
Rocket metallic,#8A7F80,,138,127,128,354.54545454545456,51.96078431372548,4.489795918367342
Roman silver,#838996,,131,137,150,221.05263157894737,55.09803921568628,8.296943231441055
Rose bonbon,#F9429E,,249,66,158,329.8360655737705,61.76470588235294,93.84615384615384
Rose ebony,#674846,,103,72,70,3.6363636363636265,33.92156862745098,19.075144508670515
Rose gold,#B76E79,,183,110,121,350.958904109589,57.45098039215686,33.64055299539171
Rose pink,#FF66CC,淺玫瑰紅,255,102,204,320.0,70.0,100.0
Rose red,#C21E56,,194,30,86,339.5121951219512,43.92156862745098,73.21428571428571
Rose taupe,#905D5D,,144,93,93,0.0,46.470588235294116,21.518987341772153
Rose vale,#AB4E52,,171,78,82,357.4193548387097,48.8235294117647,37.34939759036144
Rosewood,#65000B,,101,0,11,353.46534653465346,19.80392156862745,100.0
Rosso corsa,#D40000,,212,0,0,0.0,41.568627450980394,100.0
Rosy brown,#BC8F8F,玫瑰褐,188,143,143,0.0,64.90196078431373,25.13966480446928
Royal azure,#0038A8,,0,56,168,220.00000000000003,32.94117647058823,100.0
Royal blue,#002366,,0,35,102,219.41176470588238,20.0,100.0
Royal blue,#4169E1,品藍,65,105,225,225.0,56.86274509803921,72.72727272727272
Royal fuchsia,#CA2C92,,202,44,146,321.2658227848101,48.23529411764705,64.22764227642277
Royal purple,#7851A9,,120,81,169,266.5909090909091,49.01960784313725,35.2
Ruber,#CE4676,,206,70,118,338.8235294117647,54.117647058823536,58.119658119658126
Rubine red,#D10056,,209,0,86,335.31100478468903,40.98039215686274,100.0
Ruby,#E0115F,,224,17,95,337.39130434782606,47.25490196078431,85.89211618257262
Ruby red,#9B111E,,155,17,30,354.3478260869565,33.725490196078425,80.23255813953489
Ruddy,#FF0028,,255,0,40,350.5882352941176,50.0,100.0
Ruddy brown,#BB6528,,187,101,40,24.897959183673468,44.509803921568626,64.75770925110133
Ruddy pink,#E18E96,,225,142,150,354.2168674698795,71.96078431372548,58.04195804195803
Rufous,#A81C07,,168,28,7,7.826086956521734,34.31372549019608,92.0
Russet,#80461B,,128,70,27,25.54455445544555,30.392156862745097,65.16129032258064
Russian green,#679267,,103,146,103,120.0,48.8235294117647,17.269076305220878
Russian violet,#32174D,,50,23,77,270.0,19.607843137254903,53.99999999999999
Rust,#B7410E,,183,65,14,18.106508875739646,38.62745098039216,85.78680203045684
Rusty red,#DA2C43,,218,44,67,352.06896551724134,51.37254901960784,70.16129032258065
Saddle brown,#8B4513,鞍褐,139,69,19,24.999999999999996,30.98039215686274,75.9493670886076
Safety orange (blaze orange),#FF6700,,255,103,0,24.235294117647058,50.0,100.0
Safety yellow,#EED202,,238,210,2,52.88135593220339,47.05882352941176,98.33333333333334
Saffron,#F4C430,,244,196,48,45.30612244897959,57.25490196078431,89.90825688073396
Sage,#BCB88A,,188,184,138,55.19999999999999,63.921568627450974,27.173913043478272
St. Patrick's blue,#23297A,,35,41,122,235.86206896551727,30.784313725490197,55.4140127388535
Salmon,#FA8072,鮭紅,250,128,114,6.1764705882352855,71.37254901960785,93.15068493150683
Salmon pink,#FF91A4,,255,145,164,349.6363636363636,78.43137254901961,100.0
Sandstorm,#ECD540,,236,213,64,51.97674418604652,58.82352941176471,81.90476190476191
Sandy brown,#F4A460,沙褐,244,164,96,27.567567567567572,66.66666666666667,87.05882352941178
Sangria,#92000A,,146,0,10,355.8904109589041,28.627450980392155,100.0
Sap green,#507D2A,,80,125,42,92.53012048192772,32.745098039215684,49.7005988023952
Sapphire,#0F52BA,,15,82,186,216.4912280701754,39.411764705882355,85.07462686567165
Satin sheen gold,#CBA135,,203,161,53,43.199999999999996,50.19607843137255,59.05511811023621
Scarlet,#FF2400,腥紅,255,36,0,8.470588235294114,50.0,100.0
Scarlet,#FD0E35,,253,14,53,350.2092050209205,52.352941176470594,98.35390946502058
Tractor red,#FD0E35,,253,14,53,350.2092050209205,52.352941176470594,98.35390946502058
School bus yellow,#FFD800,,255,216,0,50.8235294117647,50.0,100.0
Screamin' Green,#76FF7A,,118,255,122,121.75182481751824,73.13725490196079,100.0
Sea blue,#006994,,0,105,148,197.43243243243242,29.01960784313726,100.0
Sea green,#2E8B57,海綠,46,139,87,146.45161290322582,36.27450980392157,50.27027027027026
Seal brown,#321414,,50,20,20,0.0,13.725490196078432,42.857142857142854
Seashell,#FFF5EE,海貝色,255,245,238,24.705882352941195,96.66666666666667,100.0
Selective yellow,#FFBA00,,255,186,0,43.76470588235294,50.0,100.0
Sepia,#704214,烏賊墨色,112,66,20,30.0,25.882352941176467,69.6969696969697
Shadow,#8A795D,,138,121,93,37.333333333333336,45.29411764705882,19.480519480519483
Shadow blue,#778BA5,,119,139,165,213.9130434782609,55.68627450980392,20.353982300884958
Shampoo,#FFCFF1,,255,207,241,317.5,90.58823529411765,100.0
Shamrock green,#009E60,,0,158,96,156.45569620253164,30.980392156862745,100.0
Sheen Green,#8FD400,,143,212,0,79.52830188679245,41.568627450980394,100.0
Shimmering Blush,#D98695,,217,134,149,349.15662650602405,68.82352941176471,52.20125786163522
Shocking pink,#FC0FC0,,252,15,192,315.1898734177215,52.352941176470594,97.53086419753087
Shocking pink (Crayola),#FF6FFF,,255,111,255,300.0,71.76470588235294,100.0
Ultra pink,#FF6FFF,,255,111,255,300.0,71.76470588235294,100.0
Silver,#C0C0C0,銀色,192,192,192,0.0,75.29411764705883,0.0
Silver chalice,#ACACAC,,172,172,172,0.0,67.45098039215686,0.0
Silver Lake blue,#5D89BA,,93,137,186,211.6129032258065,54.705882352941174,40.25974025974026
Silver pink,#C4AEAD,,196,174,173,2.6086956521739046,72.3529411764706,16.312056737588655
Silver sand,#BFC1C2,,191,193,194,199.99999999999997,75.49019607843137,2.3999999999999915
Sinopia,#CB410B,,203,65,11,16.875,41.96078431372548,89.71962616822431
Skobeloff,#007474,,0,116,116,180.0,22.745098039215687,100.0
Sky blue,#87CEEB,天藍,135,206,235,197.4,72.54901960784314,71.4285714285714
Sky magenta,#CF71AF,,207,113,175,320.4255319148936,62.745098039215684,49.47368421052632
Slate blue,#6A5ACD,岩藍,106,90,205,248.3478260869565,57.84313725490197,53.48837209302326
Slate gray,#708090,岩灰,112,128,144,210.0,50.19607843137255,12.598425196850393
Smitten,#C84186,,200,65,134,329.3333333333333,51.96078431372548,55.10204081632652
Smoke,#738276,,115,130,118,132.0,48.0392156862745,6.122448979591833
Smokey topaz,#933D41,,147,61,65,357.2093023255814,40.78431372549019,41.34615384615384
Smoky black,#100C08,,16,12,8,30.0,4.705882352941177,33.33333333333333
Snow,#FFFAFA,雪色,255,250,250,0.0,99.01960784313727,100.0
Soap,#CEC8EF,,206,200,239,249.23076923076925,86.07843137254902,54.929577464788736
Solid pink,#893843,,137,56,67,351.85185185185185,37.84313725490196,41.968911917098445
Sonic silver,#757575,,117,117,117,0.0,45.88235294117647,0.0
Spartan Crimson,#9E1316,,158,19,22,358.705035971223,34.705882352941174,78.5310734463277
Space cadet,#1D2951,,29,41,81,226.15384615384616,21.56862745098039,47.27272727272728
Spanish bistre,#807532,,128,117,50,51.53846153846153,34.90196078431372,43.820224719101134
Spanish blue,#0070B8,,0,112,184,203.4782608695652,36.07843137254902,100.0
Spanish carmine,#D10047,,209,0,71,339.61722488038276,40.98039215686274,100.0
Spanish crimson,#E51A4C,,229,26,76,345.2216748768473,50.0,79.6078431372549
Spanish gray,#989898,,152,152,152,0.0,59.6078431372549,0.0
Spanish green,#009150,,0,145,80,153.1034482758621,28.431372549019606,100.0
Spanish orange,#E86100,,232,97,0,25.086206896551726,45.490196078431374,100.0
Spanish pink,#F7BFBE,,247,191,190,1.052631578947365,85.68627450980392,78.08219178082196
Spanish red,#E60026,,230,0,38,350.0869565217391,45.09803921568628,100.0
Spanish violet,#4C2882,,76,40,130,264.0,33.33333333333333,52.94117647058824
Spanish viridian,#007F5C,,0,127,92,163.46456692913387,24.901960784313726,100.0
Spiro Disco Ball,#0FC0FC,,15,192,252,195.18987341772154,52.352941176470594,97.53086419753087
Spring bud,#A7FC00,,167,252,0,80.23809523809524,49.411764705882355,100.0
Star command blue,#007BB8,,0,123,184,199.89130434782606,36.07843137254902,100.0
Steel blue,#4682B4,鋼藍,70,130,180,207.27272727272728,49.01960784313726,44.0
Steel blue,#4682B4,鋼青色,70,130,180,207.27272727272728,49.01960784313726,44.0
Steel pink,#CC33CC,,204,51,204,300.0,50.0,60.00000000000001
Stormcloud,#4F666A,,79,102,106,188.88888888888889,36.274509803921575,14.594594594594595
Straw,#E4D96F,,228,217,111,54.35897435897435,66.47058823529413,68.42105263157895
Strawberry,#FC5A8D,,252,90,141,341.1111111111111,67.05882352941177,96.42857142857144
Sunglow,#FFCC33,,255,204,51,45.0,60.0,100.0
Sunray,#E3AB57,,227,171,87,36.0,61.568627450980394,71.42857142857142
Sunset orange,#FD5E53,,253,94,83,3.882352941176477,65.88235294117646,97.70114942528735
Super pink,#CF6BA9,,207,107,169,322.8,61.568627450980394,51.02040816326531
Tan,#D2B48C,日曬色,210,180,140,34.2857142857143,68.62745098039215,43.749999999999986
Tangelo,#F94D00,,249,77,0,18.55421686746988,48.8235294117647,100.0
Tangerine,#F28500,橘色,242,133,0,32.97520661157025,47.45098039215686,100.0
Tangerine yellow,#FFCC00,,255,204,0,48.0,50.0,100.0
USC Gold,#FFCC00,,255,204,0,48.0,50.0,100.0
Taupe gray,#8B8589,,139,133,137,320.0,53.333333333333336,2.521008403361335
Tea green,#D0F0C0,,208,240,192,99.99999999999999,84.70588235294117,61.53846153846153
Teal,#008080,鳧綠,0,128,128,180.0,25.098039215686274,100.0
Teal blue,#367588,,54,117,136,193.90243902439022,37.254901960784316,43.1578947368421
Teal deer,#99E6B3,,153,230,179,140.25974025974025,75.09803921568627,60.62992125984251
Teal green,#00827F,,0,130,127,178.6153846153846,25.49019607843137,100.0
Telemagenta,#CF3476,,207,52,118,334.4516129032258,50.78431372549019,61.75298804780876
Tenne,#CD5700,,205,87,0,25.463414634146343,40.19607843137255,100.0
Terra cotta,#E2725B,,226,114,91,10.222222222222218,62.15686274509804,69.9481865284974
Thistle,#D8BFD8,薊紫,216,191,216,300.0,79.80392156862746,24.271844660194176
Tickle Me Pink,#FC89AC,,252,137,172,341.7391304347826,76.27450980392156,95.04132231404961
Tiffany Blue,#0ABAB5,,10,186,181,178.29545454545456,38.431372549019606,89.79591836734696
Tiger's eye,#E08D3C,,224,141,60,29.634146341463417,55.68627450980392,72.56637168141592
Timberwolf,#DBD7D2,,219,215,210,33.333333333333414,84.11764705882352,11.111111111111107
Titanium yellow,#EEE600,,238,230,0,57.98319327731093,46.666666666666664,100.0
Tomato,#FF6347,番茄紅,255,99,71,9.13043478260869,63.921568627450974,100.0
Tomato,#FF6347,蕃茄紅,255,99,71,9.13043478260869,63.921568627450974,100.0
Toolbox,#746CC0,,116,108,192,245.7142857142857,58.82352941176471,40.0
Topaz,#FFC87C,,255,200,124,34.809160305343504,74.31372549019608,100.0
Tropical rain forest,#00755E,,0,117,94,168.20512820512823,22.941176470588236,100.0
True Blue,#0073CF,,0,115,207,206.66666666666666,40.588235294117645,100.0
Tufts Blue,#417DC1,,65,125,193,211.875,50.588235294117645,50.79365079365079
Tulip,#FF878D,,255,135,141,357.0,76.47058823529412,100.0
Tumbleweed,#DEAA88,,222,170,136,23.720930232558135,70.19607843137254,56.57894736842106
Turkish rose,#B57281,,181,114,129,346.56716417910445,57.84313725490197,31.162790697674424
Turquoise,#40E0D0,,64,224,208,174.0,56.470588235294116,72.07207207207207
Turquoise blue,#00FFEF,,0,255,239,176.23529411764707,50.0,100.0
Turquoise green,#A0D6B4,,160,214,180,142.22222222222223,73.33333333333334,39.70588235294119
Tuscan red,#7C4848,,124,72,72,0.0,38.431372549019606,26.53061224489796
Tuscany,#C09999,,192,153,153,0.0,67.64705882352942,23.636363636363637
Twilight lavender,#8A496B,,138,73,107,328.6153846153846,41.37254901960784,30.80568720379147
UA blue,#0033AA,,0,51,170,222.0,33.33333333333333,100.0
UA red,#D9004C,,217,0,76,338.98617511520735,42.549019607843135,100.0
Ube,#8878C3,,136,120,195,252.79999999999998,61.76470588235294,38.46153846153845
UCLA Blue,#536895,,83,104,149,220.9090909090909,45.490196078431374,28.448275862068968
UCLA Gold,#FFB300,,255,179,0,42.11764705882352,50.0,100.0
UFO Green,#3CD070,,60,208,112,141.08108108108107,52.54901960784314,61.15702479338842
Ultramarine,#120A8F,,18,10,143,243.609022556391,30.0,86.92810457516342
Ultramarine blue,#4166F5,,65,102,245,227.66666666666666,60.7843137254902,90.00000000000003
Ultra red,#FC6C85,,252,108,133,349.58333333333337,70.58823529411765,96.00000000000001
Wild watermelon,#FC6C85,,252,108,133,349.58333333333337,70.58823529411765,96.00000000000001
Umber,#635147,,99,81,71,21.428571428571413,33.333333333333336,16.470588235294116
Unbleached silk,#FFDDCA,,255,221,202,21.509433962264165,89.60784313725489,100.0
United Nations blue,#5B92E5,,91,146,229,216.0869565217391,62.745098039215684,72.63157894736842
University of California Gold,#B78727,,183,135,39,40.0,43.529411764705884,64.86486486486486
UP Maroon,#7B1113,,123,17,19,358.8679245283019,27.450980392156865,75.71428571428571
Upsdell red,#AE2029,,174,32,41,356.19718309859155,40.3921568627451,68.93203883495146
Urobilin,#E1AD21,,225,173,33,43.75000000000001,50.588235294117645,76.19047619047619
USAFA blue,#004F98,,0,79,152,208.81578947368422,29.80392156862745,100.0
University of Tennessee Orange,#F77F00,,247,127,0,30.850202429149803,48.431372549019606,100.0
Utah Crimson,#D3003F,,211,0,63,342.085308056872,41.37254901960784,100.0
Vanilla ice,#F38FA9,,243,143,169,344.4,75.68627450980392,80.64516129032256
Vegas gold,#C5B358,,197,179,88,50.09174311926605,55.88235294117647,48.44444444444444
Venetian red,#C80815,,200,8,21,355.9375,40.78431372549019,92.3076923076923
Verdigris,#43B3AE,,67,179,174,177.32142857142856,48.23529411764705,45.52845528455284
Vermilion,#D9381E,,217,56,30,8.342245989304812,48.431372549019606,75.70850202429149
Violet (color wheel),#7F00FF,,127,0,255,269.88235294117646,50.0,100.0
Violet (RYB),#8601AF,,134,1,175,285.86206896551727,34.509803921568626,98.86363636363636
Violet-blue,#324AB2,,50,74,178,228.75,44.705882352941174,56.14035087719299
Violet-red,#F75394,,247,83,148,336.219512195122,64.70588235294117,91.11111111111111
Viridian,#40826D,,64,130,109,160.9090909090909,38.03921568627451,34.020618556701024
Viridian green,#009698,,0,150,152,180.78947368421055,29.80392156862745,100.0
Vista blue,#7C9ED9,,124,158,217,218.06451612903228,66.86274509803921,55.02958579881657
Vivid auburn,#922724,,146,39,36,1.6363636363636402,35.686274509803916,60.439560439560445
Vivid burgundy,#9F1D35,,159,29,53,348.9230769230769,36.86274509803922,69.14893617021276
Vivid cerise,#DA1D81,,218,29,129,328.25396825396825,48.431372549019606,76.51821862348177
Vivid orchid,#CC00FF,,204,0,255,288.0,50.0,100.0
Vivid sky blue,#00CCFF,,0,204,255,192.0,50.0,100.0
Vivid tangerine,#FFA089,,255,160,137,11.69491525423729,76.86274509803921,100.0
Vivid violet,#9F00FF,,159,0,255,277.4117647058823,50.0,100.0
Warm black,#004242,,0,66,66,180.0,12.941176470588237,100.0
Waterspout,#A4F4F9,,164,244,249,183.52941176470586,80.98039215686275,87.62886597938146
Wenge,#645452,,100,84,82,6.666666666666643,35.68627450980392,9.890109890109885
Wheat,#F5DEB3,小麥色,245,222,179,39.0909090909091,83.13725490196077,76.74418604651167
White,#FFFFFF,白色,255,255,255,0.0,100.0,0.0
White smoke,#F5F5F5,白煙色,245,245,245,0.0,96.07843137254902,0.0
Wild blue yonder,#A2ADD0,,162,173,208,225.65217391304344,72.54901960784314,32.857142857142854
Wild orchid,#D470A2,,212,112,162,330.0,63.52941176470588,53.76344086021507
Wild Strawberry,#FF43A4,,255,67,164,329.0425531914894,63.13725490196078,100.0
Willpower orange,#FD5800,,253,88,0,20.869565217391305,49.6078431372549,100.0
Windsor tan,#A75502,,167,85,2,30.181818181818176,33.13725490196078,97.63313609467457
Wisteria,#C9A0DC,,201,160,220,281.0,74.50980392156863,46.15384615384617
Xanadu,#738678,,115,134,120,135.78947368421052,48.82352941176471,7.630522088353414
Yale Blue,#0F4D92,,15,77,146,211.6030534351145,31.56862745098039,81.36645962732919
Yankees blue,#1C2841,,28,40,65,220.54054054054052,18.235294117647058,39.784946236559136
Yellow (Crayola),#FCE883,,252,232,131,50.08264462809917,75.09803921568627,95.27559055118112
Yellow (Munsell),#EFCC00,,239,204,0,51.21338912133891,46.86274509803921,100.0
Yellow (Pantone),#FEDF00,,254,223,0,52.67716535433071,49.80392156862745,100.0
Yellow (RYB),#FEFE33,,254,254,51,60.0,59.80392156862745,99.02439024390245
Yellow-green,#9ACD32,黃綠,154,205,50,79.74193548387098,50.0,60.7843137254902
Yellow Orange,#FFAE42,,255,174,66,34.285714285714285,62.94117647058823,100.0
Yellow rose,#FFF000,,255,240,0,56.470588235294116,50.0,100.0
Zaffre,#0014A8,,0,20,168,232.85714285714283,32.94117647058823,100.0
Zinnwaldite brown,#2C1608,,44,22,8,23.333333333333332,10.196078431372548,69.23076923076923
Zomp,#39A78E,,57,167,142,166.36363636363637,43.92156862745098,49.10714285714286
,#E6C3C3,沙棕,230,195,195,0.0,83.33333333333333,41.1764705882353
,#E60000,鮮紅,230,0,0,0.0,45.09803921568628,100.0
,#FF4D40,柿子橙,255,77,64,4.083769633507854,62.549019607843135,100.0
,#FF4D00,朱紅,255,77,0,18.117647058823533,50.0,100.0
,#A0522D,黃土赭,160,82,45,19.304347826086957,40.19607843137255,56.09756097560975
,#A0522D,赭黃,160,82,45,19.304347826086957,40.19607843137255,56.09756097560975
,#FF8033,熱帶橙,255,128,51,22.647058823529413,60.0,100.0
,#A16B47,駝色,161,107,71,24.0,45.490196078431374,38.79310344827586
,#E69966,杏黃,230,153,102,23.906249999999996,65.09803921568627,71.91011235955055
,#4D1F00,椰褐,77,31,0,24.155844155844157,15.098039215686274,100.0
,#FF7300,陽橙,255,115,0,27.058823529411764,50.0,100.0
,#FFB366,蜜橙,255,179,102,30.19607843137254,70.0,100.0
,#FF9900,萬壽菊黃,255,153,0,36.0,50.0,100.0
,#CCB38C,灰土色,204,179,140,36.56249999999997,67.45098039215686,38.55421686746989
,#996B1F,卡其色,153,107,31,37.37704918032787,36.07843137254902,66.30434782608695
,#FFE4B5,鹿皮鞋色,255,228,181,38.10810810810812,85.49019607843138,100.0
,#4D3900,咖啡色,77,57,0,44.415584415584426,15.098039215686274,100.0
,#E6C35C,茉莉黃,230,195,92,44.78260869565217,63.13725490196078,73.40425531914893
,#E6B800,鉻黃,230,184,0,48.0,45.09803921568628,100.0
,#E6D933,含羞草黃,230,217,51,55.64245810055865,55.09803921568628,78.1659388646288
,#FFFF99,香檳黃,255,255,153,60.0,80.0,100.0
,#CCCC4D,芥末黃,204,204,77,60.0,55.09803921568628,55.4585152838428
,#FFFF4D,月黃,255,255,77,60.0,65.09803921568627,100.0
,#697723,苔蘚綠,105,119,35,70.00000000000001,30.196078431372552,54.54545454545454
,#8CE600,蘋果綠,140,230,0,83.47826086956522,45.09803921568628,100.0
,#99E64D,草綠,153,230,77,90.19607843137254,60.19607843137255,75.36945812807883
,#73B839,葉綠,115,184,57,92.59842519685039,47.25490196078431,52.69709543568465
,#99FF4D,嫩綠,153,255,77,94.38202247191012,65.09803921568627,100.0
,#66FF59,鈷綠,102,255,89,115.3012048192771,67.45098039215686,100.0
,#36BF36,常春藤綠,54,191,54,120.0,48.03921568627451,55.918367346938766
,#006400,暗綠,0,100,0,120.0,19.607843137254903,100.0
,#22C32E,孔雀石綠,34,195,46,124.472049689441,44.90196078431372,70.3056768558952
,#16982B,薄荷綠,22,152,43,129.69230769230768,34.11764705882353,74.71264367816092
,#73E68C,青瓷綠,115,230,140,133.04347826086956,67.64705882352942,69.69696969696967
,#4DE680,綠松石綠,77,230,128,140.0,60.19607843137255,75.36945812807883
,#127436,鉻綠,18,116,54,142.0408163265306,26.27450980392157,73.13432835820895
,#A6FFCC,蒼色,166,255,204,145.6179775280899,82.54901960784314,100.0
,#00FF80,春綠,0,255,128,150.11764705882354,50.0,100.0
,#00A15C,孔雀綠,0,161,92,154.2857142857143,31.56862745098039,100.0
,#66CDAA,中碧藍色,102,205,170,159.61165048543688,60.196078431372555,50.73891625615764
,#0DBF8C,青藍,13,191,140,162.80898876404495,40.0,87.25490196078431
,#66FFE6,水藍,102,255,230,170.19607843137257,70.0,100.0
,#33E6CC,綠松石藍,51,230,204,171.28491620111734,55.09803921568628,78.1659388646288
,#30D5C8,綠松石色,48,213,200,175.27272727272725,51.17647058823529,66.26506024096386
,#00808C,孔雀藍,0,128,140,185.1428571428571,27.450980392156865,100.0
,#006374,濃藍,0,99,116,188.79310344827584,22.745098039215687,100.0
,#7AB8CC,灰藍,122,184,204,194.6341463414634,63.92156862745099,44.56521739130436
,#4798B3,薩克斯藍,71,152,179,195.0,49.01960784313725,43.199999999999996
,#00477D,水手藍,0,71,125,205.92000000000002,24.509803921568626,100.0
,#004D99,礦藍,0,77,153,209.80392156862746,30.0,100.0
,#5686BF,韋奇伍德瓷藍,86,134,191,212.57142857142858,54.313725490196084,45.06437768240343
,#5E86C1,灰丁寧藍,94,134,193,215.75757575757578,56.27450980392157,44.39461883408071
,#4D80E6,鼠尾草藍,77,128,230,220.00000000000003,60.19607843137255,75.36945812807883
,#082567,藍寶石色,8,37,103,221.68421052631575,21.764705882352942,85.58558558558559
,#24367D,暗礦藍,36,54,125,227.86516853932585,31.56862745098039,55.27950310559007
,#0033FF,極濃海藍,0,51,255,228.0,50.0,100.0
,#0D33FF,天青石藍,13,51,255,230.57851239669424,52.54901960784314,100.0
,#5C50E6,紫藤色,92,80,230,244.8,60.7843137254902,74.99999999999999
,#6640FF,木槿紫,102,64,255,251.93717277486914,62.549019607843135,100.0
,#B399FF,紫丁香色,179,153,255,255.29411764705884,80.0,100.0
,#6633CC,紫水晶色,102,51,204,260.0,50.0,60.00000000000001
,#8674A1,淺灰紫紅,134,116,161,264.0,54.31372549019608,19.31330472103004
,#5000B8,纈草紫,80,0,184,266.0869565217391,36.07843137254902,100.0
,#B8A1CF,礦紫,184,161,207,270.0,72.15686274509804,32.3943661971831
,#8B00FF,紫色,139,0,255,272.70588235294116,50.0,100.0
,#8B00FF,紫羅蘭色,139,0,255,272.70588235294116,50.0,100.0
,#4B0080,靛色,75,0,128,275.15625,25.098039215686274,100.0
,#7400A1,三色堇紫,116,0,161,283.2298136645963,31.56862745098039,100.0
,#D94DFF,錦葵紫,217,77,255,287.19101123595505,65.09803921568627,100.0
,#E680FF,優品紫紅,230,128,255,288.18897637795277,75.09803921568627,100.0
,#E6CFE6,淡紫丁香色,230,207,230,300.0,85.68627450980392,31.506849315068486
,#CCA3CC,鐵線蓮紫,204,163,204,300.0,71.96078431372548,28.671328671328688
,#FFB3E6,淺珍珠紅,255,179,230,319.7368421052631,85.09803921568627,100.0
,#B85798,陳玫紅,184,87,152,319.7938144329897,53.13725490196079,40.58577405857741
,#FF0DA6,玫瑰紅,255,13,166,322.06611570247935,52.54901960784314,100.0
,#FF0DA6,洋玫瑰紅,255,13,166,322.06611570247935,52.54901960784314,100.0
,#CC0080,紅寶石色,204,0,128,322.3529411764706,40.0,100.0
,#E63995,山茶紅,230,57,149,328.09248554913296,56.27450980392157,77.57847533632287
,#E68AB8,火鶴紅,230,138,184,330.0,72.15686274509804,64.78873239436619
,#FF80BF,淺珊瑚紅,255,128,191,330.23622047244095,75.09803921568627,100.0
,#470024,勃艮第酒紅,71,0,36,329.5774647887324,13.92156862745098,100.0
,#FF73B3,尖晶石紅,255,115,179,332.5714285714286,72.54901960784314,100.0
,#E6005C,胭脂紅,230,0,92,336.0,45.09803921568628,100.0
,#FFD9E6,淺粉紅,255,217,230,339.4736842105263,92.54901960784314,100.0
,#990036,樞機紅,153,0,54,338.8235294117647,30.0,100.0
,#FF8099,淺鮭紅,255,128,153,348.18897637795277,75.09803921568627,100.0
,#FFB3BF,殼黃紅,255,179,191,350.52631578947364,85.09803921568627,100.0
,#625B57,鐵灰色,98,91,87,21.818181818181813,36.274509803921575,5.945945945945947
